Category,Resume
Data Science,"Professional Profile: Data Science Specialist.
Demonstrated ability to troubleshoot mission critical production incidents and deliver timely resolutions. Passionate problem solver dedicated to delivering high quality scalable software solutions.
Core Competencies and Technical Skills: numpy, python, pandas, sql, data visualization.
Experience Summary: Working as a Data Scientist building mission-critical services.
Key projects involved leveraging numpy, python, pandas to optimize workflow efficiency.
Education: Bachelor of Technology (B.Tech) in Computer Science and Engineering."
Data Science,"Professional Profile: Data Science Specialist.
Collaborated across cross-functional engineering teams to architect reliable cloud-native services. Demonstrated ability to troubleshoot mission critical production incidents and deliver timely resolutions. Successfully implemented automated workflows and modern development practices across multiple client projects. Passionate problem solver dedicated to delivering high quality scalable software solutions.
Core Competencies and Technical Skills: deep learning, statistics, python, computer vision, nlp, transformers.
Experience Summary: Working as a Machine Learning Engineer building mission-critical services.
Key projects involved leveraging deep learning, statistics, python to optimize workflow efficiency.
Education: Bachelor of Technology (B.Tech) in Computer Science and Engineering."
Data Science,"Professional Profile: Data Science Specialist.
Collaborated across cross-functional engineering teams to architect reliable cloud-native services. Holds a Bachelor degree in Computer Science with a solid foundation in algorithms and system architecture.
Core Competencies and Technical Skills: python, data analysis, excel, sql, tableau.
Experience Summary: Working as a Data Analyst building mission-critical services.
Key projects involved leveraging python, data analysis, excel to optimize workflow efficiency.
Education: Bachelor of Technology (B.Tech) in Computer Science and Engineering."
Data Science,"Professional Profile: Data Science Specialist.
Demonstrated ability to troubleshoot mission critical production incidents and deliver timely resolutions. Passionate problem solver dedicated to delivering high quality scalable software solutions. Successfully implemented automated workflows and modern development practices across multiple client projects.
Core Competencies and Technical Skills: python, power bi, airflow, pyspark, spark, etl.
Experience Summary: Working as a Data Engineer building mission-critical services.
Key projects involved leveraging python, power bi, airflow to optimize workflow efficiency.
Education: Bachelor of Technology (B.Tech) in Computer Science and Engineering."
Data Science,"Professional Profile: Data Science Specialist.
Collaborated across cross-functional engineering teams to architect reliable cloud-native services. Passionate problem solver dedicated to delivering high quality scalable software solutions. Experienced software professional with demonstrated history of working in enterprise technology. Holds a Bachelor degree in Computer Science with a solid foundation in algorithms and system architecture.
Core Competencies and Technical Skills: statistics, python, data analysis, communication, etl.
Experience Summary: Working as a Data Analyst building mission-critical services.
Key projects involved leveraging statistics, python, data analysis to optimize workflow efficiency.
Education: Bachelor of Technology (B.Tech) in Computer Science and Engineering."
Data Science,"Professional Profile: Data Science Specialist.
Holds a Bachelor degree in Computer Science with a solid foundation in algorithms and system architecture. Strong engineering background with proven expertise in agile methodologies and clean code design. Contributed to enterprise digital transformation projects adhering to strict industry security standards.
Core Competencies and Technical Skills: deep learning, pytorch, python, transformers.
Experience Summary: Working as a Machine Learning Engineer building mission-critical services.
Key projects involved leveraging deep learning, pytorch, python to optimize workflow efficiency.
Education: Bachelor of Technology (B.Tech) in Computer Science and Engineering."
Data Science,"Professional Profile: Data Science Specialist.
Detail-oriented developer with continuous learning attitude and strong communication and teamwork abilities. Successfully implemented automated workflows and modern development practices across multiple client projects.
Core Competencies and Technical Skills: numpy, python, pandas, data visualization, transformers.
Experience Summary: Working as a Data Scientist building mission-critical services.
Key projects involved leveraging numpy, python, pandas to optimize workflow efficiency.
Education: Bachelor of Technology (B.Tech) in Computer Science and Engineering."
Data Science,"Professional Profile: Data Science Specialist.
Collaborated across cross-functional engineering teams to architect reliable cloud-native services. Experienced software professional with demonstrated history of working in enterprise technology.
Core Competencies and Technical Skills: deep learning, computer vision, sql, nlp, transformers.
Experience Summary: Working as a Machine Learning Engineer building mission-critical services.
Key projects involved leveraging deep learning, computer vision, sql to optimize workflow efficiency.
Education: Bachelor of Technology (B.Tech) in Computer Science and Engineering."
Data Science,"Professional Profile: Data Science Specialist.
Detail-oriented developer with continuous learning attitude and strong communication and teamwork abilities. Successfully implemented automated workflows and modern development practices across multiple client projects.
Core Competencies and Technical Skills: numpy, python, machine learning, pandas, airflow, data visualization.
Experience Summary: Working as a Data Scientist building mission-critical services.
Key projects involved leveraging numpy, python, machine learning to optimize workflow efficiency.
Education: Bachelor of Technology (B.Tech) in Computer Science and Engineering."
Data Science,"Professional Profile: Data Science Specialist.
Contributed to enterprise digital transformation projects adhering to strict industry security standards. Successfully implemented automated workflows and modern development practices across multiple client projects. Demonstrated ability to troubleshoot mission critical production incidents and deliver timely resolutions.
Core Competencies and Technical Skills: numpy, python, machine learning, pandas, sql, data visualization, tableau.
Experience Summary: Working as a Data Scientist building mission-critical services.
Key projects involved leveraging numpy, python, machine learning to optimize workflow efficiency.
Education: Bachelor of Technology (B.Tech) in Computer Science and Engineering."
Data Science,"Professional Profile: Data Science Specialist.
Strong engineering background with proven expertise in agile methodologies and clean code design. Successfully implemented automated workflows and modern development practices across multiple client projects. Passionate problem solver dedicated to delivering high quality scalable software solutions. Collaborated across cross-functional engineering teams to architect reliable cloud-native services.
Core Competencies and Technical Skills: python, data analysis, excel, power bi, sql, nlp.
Experience Summary: Working as a Data Analyst building mission-critical services.
Key projects involved leveraging python, data analysis, excel to optimize workflow efficiency.
Education: Bachelor of Technology (B.Tech) in Computer Science and Engineering."
Data Science,"Professional Profile: Data Science Specialist.
Skilled in full life cycle development, system optimization, code reviews, and performance tuning. Holds a Bachelor degree in Computer Science with a solid foundation in algorithms and system architecture. Passionate problem solver dedicated to delivering high quality scalable software solutions. Strong engineering background with proven expertise in agile methodologies and clean code design.
Core Competencies and Technical Skills: numpy, python, machine learning, pandas, scikit-learn, data visualization.
Experience Summary: Working as a Data Scientist building mission-critical services.
Key projects involved leveraging numpy, python, machine learning to optimize workflow efficiency.
Education: Bachelor of Technology (B.Tech) in Computer Science and Engineering."
Data Science,"Professional Profile: Data Science Specialist.
Skilled in full life cycle development, system optimization, code reviews, and performance tuning. Demonstrated ability to troubleshoot mission critical production incidents and deliver timely resolutions. Collaborated across cross-functional engineering teams to architect reliable cloud-native services. Passionate problem solver dedicated to delivering high quality scalable software solutions.
Core Competencies and Technical Skills: python, kafka, sql, pyspark, etl.
Experience Summary: Working as a Data Engineer building mission-critical services.
Key projects involved leveraging python, kafka, sql to optimize workflow efficiency.
Education: Bachelor of Technology (B.Tech) in Computer Science and Engineering."
Data Science,"Professional Profile: Data Science Specialist.
Skilled in full life cycle development, system optimization, code reviews, and performance tuning. Collaborated across cross-functional engineering teams to architect reliable cloud-native services. Experienced software professional with demonstrated history of working in enterprise technology.
Core Competencies and Technical Skills: python, kafka, airflow, spark, etl.
Experience Summary: Working as a Data Engineer building mission-critical services.
Key projects involved leveraging python, kafka, airflow to optimize workflow efficiency.
Education: Bachelor of Technology (B.Tech) in Computer Science and Engineering."
Data Science,"Professional Profile: Data Science Specialist.
Strong engineering background with proven expertise in agile methodologies and clean code design. Contributed to enterprise digital transformation projects adhering to strict industry security standards. Detail-oriented developer with continuous learning attitude and strong communication and teamwork abilities. Skilled in full life cycle development, system optimization, code reviews, and performance tuning.
Core Competencies and Technical Skills: machine learning, python, scikit-learn, sql, data visualization.
Experience Summary: Working as a Data Scientist building mission-critical services.
Key projects involved leveraging machine learning, python, scikit-learn to optimize workflow efficiency.
Education: Bachelor of Technology (B.Tech) in Computer Science and Engineering."
Data Science,"Professional Profile: Data Science Specialist.
Holds a Bachelor degree in Computer Science with a solid foundation in algorithms and system architecture. Detail-oriented developer with continuous learning attitude and strong communication and teamwork abilities. Demonstrated ability to troubleshoot mission critical production incidents and deliver timely resolutions. Experienced software professional with demonstrated history of working in enterprise technology.
Core Competencies and Technical Skills: python, data analysis, power bi, tableau, communication.
Experience Summary: Working as a Data Analyst building mission-critical services.
Key projects involved leveraging python, data analysis, power bi to optimize workflow efficiency.
Education: Bachelor of Technology (B.Tech) in Computer Science and Engineering."
Data Science,"Professional Profile: Data Science Specialist.
Experienced software professional with demonstrated history of working in enterprise technology. Collaborated across cross-functional engineering teams to architect reliable cloud-native services.
Core Competencies and Technical Skills: statistics, python, kafka, sql, spark, etl.
Experience Summary: Working as a Data Engineer building mission-critical services.
Key projects involved leveraging statistics, python, kafka to optimize workflow efficiency.
Education: Bachelor of Technology (B.Tech) in Computer Science and Engineering."
Data Science,"Professional Profile: Data Science Specialist.
Collaborated across cross-functional engineering teams to architect reliable cloud-native services. Demonstrated ability to troubleshoot mission critical production incidents and deliver timely resolutions. Strong engineering background with proven expertise in agile methodologies and clean code design.
Core Competencies and Technical Skills: deep learning, pytorch, python, computer vision.
Experience Summary: Working as a Machine Learning Engineer building mission-critical services.
Key projects involved leveraging deep learning, pytorch, python to optimize workflow efficiency.
Education: Bachelor of Technology (B.Tech) in Computer Science and Engineering."
Data Science,"Professional Profile: Data Science Specialist.
Holds a Bachelor degree in Computer Science with a solid foundation in algorithms and system architecture. Successfully implemented automated workflows and modern development practices across multiple client projects. Demonstrated ability to troubleshoot mission critical production incidents and deliver timely resolutions.
Core Competencies and Technical Skills: statistics, python, excel, sql, tableau, communication.
Experience Summary: Working as a Data Analyst building mission-critical services.
Key projects involved leveraging statistics, python, excel to optimize workflow efficiency.
Education: Bachelor of Technology (B.Tech) in Computer Science and Engineering."
Data Science,"Professional Profile: Data Science Specialist.
Collaborated across cross-functional engineering teams to architect reliable cloud-native services. Contributed to enterprise digital transformation projects adhering to strict industry security standards.
Core Competencies and Technical Skills: deep learning, python, computer vision, kafka, nlp, transformers.
Experience Summary: Working as a Machine Learning Engineer building mission-critical services.
Key projects involved leveraging deep learning, python, computer vision to optimize workflow efficiency.
Education: Bachelor of Technology (B.Tech) in Computer Science and Engineering."
Data Science,"Professional Profile: Data Science Specialist.
Detail-oriented developer with continuous learning attitude and strong communication and teamwork abilities. Demonstrated ability to troubleshoot mission critical production incidents and deliver timely resolutions.
Core Competencies and Technical Skills: numpy, machine learning, pandas, scikit-learn, sql.
Experience Summary: Working as a Data Scientist building mission-critical services.
Key projects involved leveraging numpy, machine learning, pandas to optimize workflow efficiency.
Education: Bachelor of Technology (B.Tech) in Computer Science and Engineering."
Data Science,"Professional Profile: Data Science Specialist.
Successfully implemented automated workflows and modern development practices across multiple client projects. Detail-oriented developer with continuous learning attitude and strong communication and teamwork abilities.
Core Competencies and Technical Skills: nlp, computer vision, python, transformers.
Experience Summary: Working as a Machine Learning Engineer building mission-critical services.
Key projects involved leveraging nlp, computer vision, python to optimize workflow efficiency.
Education: Bachelor of Technology (B.Tech) in Computer Science and Engineering."
Data Science,"Professional Profile: Data Science Specialist.
Skilled in full life cycle development, system optimization, code reviews, and performance tuning. Successfully implemented automated workflows and modern development practices across multiple client projects. Detail-oriented developer with continuous learning attitude and strong communication and teamwork abilities.
Core Competencies and Technical Skills: numpy, python, kafka, data engineering, sql, airflow.
Experience Summary: Working as a Data Engineer building mission-critical services.
Key projects involved leveraging numpy, python, kafka to optimize workflow efficiency.
Education: Bachelor of Technology (B.Tech) in Computer Science and Engineering."
Data Science,"Professional Profile: Data Science Specialist.
Contributed to enterprise digital transformation projects adhering to strict industry security standards. Detail-oriented developer with continuous learning attitude and strong communication and teamwork abilities.
Core Competencies and Technical Skills: numpy, python, computer vision, pandas, scikit-learn.
Experience Summary: Working as a Data Scientist building mission-critical services.
Key projects involved leveraging numpy, python, computer vision to optimize workflow efficiency.
Education: Bachelor of Technology (B.Tech) in Computer Science and Engineering."
Data Science,"Professional Profile: Data Science Specialist.
Successfully implemented automated workflows and modern development practices across multiple client projects. Passionate problem solver dedicated to delivering high quality scalable software solutions.
Core Competencies and Technical Skills: statistics, python, data analysis, pandas, power bi, sql, tableau.
Experience Summary: Working as a Data Analyst building mission-critical services.
Key projects involved leveraging statistics, python, data analysis to optimize workflow efficiency.
Education: Bachelor of Technology (B.Tech) in Computer Science and Engineering."
Data Science,"Professional Profile: Data Science Specialist.
Holds a Bachelor degree in Computer Science with a solid foundation in algorithms and system architecture. Collaborated across cross-functional engineering teams to architect reliable cloud-native services. Skilled in full life cycle development, system optimization, code reviews, and performance tuning. Demonstrated ability to troubleshoot mission critical production incidents and deliver timely resolutions.
Core Competencies and Technical Skills: statistics, python, data analysis, excel, power bi, sql, tableau, spark.
Experience Summary: Working as a Data Analyst building mission-critical services.
Key projects involved leveraging statistics, python, data analysis to optimize workflow efficiency.
Education: Bachelor of Technology (B.Tech) in Computer Science and Engineering."
Data Science,"Professional Profile: Data Science Specialist.
Passionate problem solver dedicated to delivering high quality scalable software solutions. Demonstrated ability to troubleshoot mission critical production incidents and deliver timely resolutions.
Core Competencies and Technical Skills: python, kafka, communication, data engineering, spark, etl.
Experience Summary: Working as a Data Engineer building mission-critical services.
Key projects involved leveraging python, kafka, communication to optimize workflow efficiency.
Education: Bachelor of Technology (B.Tech) in Computer Science and Engineering."
Data Science,"Professional Profile: Data Science Specialist.
Strong engineering background with proven expertise in agile methodologies and clean code design. Detail-oriented developer with continuous learning attitude and strong communication and teamwork abilities. Skilled in full life cycle development, system optimization, code reviews, and performance tuning.
Core Competencies and Technical Skills: numpy, python, pandas, sql, etl.
Experience Summary: Working as a Data Scientist building mission-critical services.
Key projects involved leveraging numpy, python, pandas to optimize workflow efficiency.
Education: Bachelor of Technology (B.Tech) in Computer Science and Engineering."
Data Science,"Professional Profile: Data Science Specialist.
Passionate problem solver dedicated to delivering high quality scalable software solutions. Strong engineering background with proven expertise in agile methodologies and clean code design. Skilled in full life cycle development, system optimization, code reviews, and performance tuning. Experienced software professional with demonstrated history of working in enterprise technology.
Core Competencies and Technical Skills: numpy, python, scikit-learn, excel, sql, data visualization.
Experience Summary: Working as a Data Scientist building mission-critical services.
Key projects involved leveraging numpy, python, scikit-learn to optimize workflow efficiency.
Education: Bachelor of Technology (B.Tech) in Computer Science and Engineering."
Data Science,"Professional Profile: Data Science Specialist.
Skilled in full life cycle development, system optimization, code reviews, and performance tuning. Demonstrated ability to troubleshoot mission critical production incidents and deliver timely resolutions. Detail-oriented developer with continuous learning attitude and strong communication and teamwork abilities. Strong engineering background with proven expertise in agile methodologies and clean code design.
Core Competencies and Technical Skills: deep learning, pytorch, python, computer vision, nlp, spark, transformers.
Experience Summary: Working as a Machine Learning Engineer building mission-critical services.
Key projects involved leveraging deep learning, pytorch, python to optimize workflow efficiency.
Education: Bachelor of Technology (B.Tech) in Computer Science and Engineering."
Data Science,"Professional Profile: Data Science Specialist.
Skilled in full life cycle development, system optimization, code reviews, and performance tuning. Strong engineering background with proven expertise in agile methodologies and clean code design.
Core Competencies and Technical Skills: machine learning, python, pandas, scikit-learn, sql, data visualization.
Experience Summary: Working as a Data Scientist building mission-critical services.
Key projects involved leveraging machine learning, python, pandas to optimize workflow efficiency.
Education: Bachelor of Technology (B.Tech) in Computer Science and Engineering."
Data Science,"Professional Profile: Data Science Specialist.
Strong engineering background with proven expertise in agile methodologies and clean code design. Demonstrated ability to troubleshoot mission critical production incidents and deliver timely resolutions. Experienced software professional with demonstrated history of working in enterprise technology. Successfully implemented automated workflows and modern development practices across multiple client projects.
Core Competencies and Technical Skills: python, computer vision, tensorflow, nlp, transformers.
Experience Summary: Working as a Machine Learning Engineer building mission-critical services.
Key projects involved leveraging python, computer vision, tensorflow to optimize workflow efficiency.
Education: Bachelor of Technology (B.Tech) in Computer Science and Engineering."
Data Science,"Professional Profile: Data Science Specialist.
Experienced software professional with demonstrated history of working in enterprise technology. Holds a Bachelor degree in Computer Science with a solid foundation in algorithms and system architecture. Collaborated across cross-functional engineering teams to architect reliable cloud-native services.
Core Competencies and Technical Skills: scikit-learn, data visualization, machine learning, pandas.
Experience Summary: Working as a Data Scientist building mission-critical services.
Key projects involved leveraging scikit-learn, data visualization, machine learning to optimize workflow efficiency.
Education: Bachelor of Technology (B.Tech) in Computer Science and Engineering."
Data Science,"Professional Profile: Data Science Specialist.
Strong engineering background with proven expertise in agile methodologies and clean code design. Successfully implemented automated workflows and modern development practices across multiple client projects.
Core Competencies and Technical Skills: numpy, machine learning, python, scikit-learn, data visualization, transformers.
Experience Summary: Working as a Data Scientist building mission-critical services.
Key projects involved leveraging numpy, machine learning, python to optimize workflow efficiency.
Education: Bachelor of Technology (B.Tech) in Computer Science and Engineering."
Data Science,"Professional Profile: Data Science Specialist.
Passionate problem solver dedicated to delivering high quality scalable software solutions. Successfully implemented automated workflows and modern development practices across multiple client projects. Experienced software professional with demonstrated history of working in enterprise technology. Demonstrated ability to troubleshoot mission critical production incidents and deliver timely resolutions.
Core Competencies and Technical Skills: excel, tableau, statistics, python.
Experience Summary: Working as a Data Analyst building mission-critical services.
Key projects involved leveraging excel, tableau, statistics to optimize workflow efficiency.
Education: Bachelor of Technology (B.Tech) in Computer Science and Engineering."
Data Science,"Professional Profile: Data Science Specialist.
Collaborated across cross-functional engineering teams to architect reliable cloud-native services. Successfully implemented automated workflows and modern development practices across multiple client projects. Holds a Bachelor degree in Computer Science with a solid foundation in algorithms and system architecture. Strong engineering background with proven expertise in agile methodologies and clean code design.
Core Competencies and Technical Skills: deep learning, pytorch, python, tensorflow, nlp.
Experience Summary: Working as a Machine Learning Engineer building mission-critical services.
Key projects involved leveraging deep learning, pytorch, python to optimize workflow efficiency.
Education: Bachelor of Technology (B.Tech) in Computer Science and Engineering."
Data Science,"Professional Profile: Data Science Specialist.
Experienced software professional with demonstrated history of working in enterprise technology. Passionate problem solver dedicated to delivering high quality scalable software solutions. Skilled in full life cycle development, system optimization, code reviews, and performance tuning.
Core Competencies and Technical Skills: statistics, python, data analysis, excel, power bi, tableau, communication.
Experience Summary: Working as a Data Analyst building mission-critical services.
Key projects involved leveraging statistics, python, data analysis to optimize workflow efficiency.
Education: Bachelor of Technology (B.Tech) in Computer Science and Engineering."
Data Science,"Professional Profile: Data Science Specialist.
Successfully implemented automated workflows and modern development practices across multiple client projects. Demonstrated ability to troubleshoot mission critical production incidents and deliver timely resolutions. Passionate problem solver dedicated to delivering high quality scalable software solutions.
Core Competencies and Technical Skills: python, data analysis, excel, sql, communication.
Experience Summary: Working as a Data Analyst building mission-critical services.
Key projects involved leveraging python, data analysis, excel to optimize workflow efficiency.
Education: Bachelor of Technology (B.Tech) in Computer Science and Engineering."
Data Science,"Professional Profile: Data Science Specialist.
Collaborated across cross-functional engineering teams to architect reliable cloud-native services. Holds a Bachelor degree in Computer Science with a solid foundation in algorithms and system architecture. Successfully implemented automated workflows and modern development practices across multiple client projects. Experienced software professional with demonstrated history of working in enterprise technology.
Core Competencies and Technical Skills: statistics, excel, power bi, sql, tableau, communication.
Experience Summary: Working as a Data Analyst building mission-critical services.
Key projects involved leveraging statistics, excel, power bi to optimize workflow efficiency.
Education: Bachelor of Technology (B.Tech) in Computer Science and Engineering."
Data Science,"Professional Profile: Data Science Specialist.
Holds a Bachelor degree in Computer Science with a solid foundation in algorithms and system architecture. Successfully implemented automated workflows and modern development practices across multiple client projects. Skilled in full life cycle development, system optimization, code reviews, and performance tuning.
Core Competencies and Technical Skills: numpy, python, pandas, scikit-learn, sql, data visualization.
Experience Summary: Working as a Data Scientist building mission-critical services.
Key projects involved leveraging numpy, python, pandas to optimize workflow efficiency.
Education: Bachelor of Technology (B.Tech) in Computer Science and Engineering."
Python Developer,"Professional Profile: Python Developer Specialist.
Experienced software professional with demonstrated history of working in enterprise technology. Skilled in full life cycle development, system optimization, code reviews, and performance tuning. Demonstrated ability to troubleshoot mission critical production incidents and deliver timely resolutions. Passionate problem solver dedicated to delivering high quality scalable software solutions.
Core Competencies and Technical Skills: microservices, django, javascript, git, css, postgresql, docker.
Experience Summary: Working as a Full Stack Python Developer building mission-critical services.
Key projects involved leveraging microservices, django, javascript to optimize workflow efficiency.
Education: Bachelor of Technology (B.Tech) in Computer Science and Engineering."
Python Developer,"Professional Profile: Python Developer Specialist.
Passionate problem solver dedicated to delivering high quality scalable software solutions. Skilled in full life cycle development, system optimization, code reviews, and performance tuning. Holds a Bachelor degree in Computer Science with a solid foundation in algorithms and system architecture. Experienced software professional with demonstrated history of working in enterprise technology.
Core Competencies and Technical Skills: ci/cd, fastapi, javascript, git, redis, kubernetes.
Experience Summary: Working as a Backend FastAPI Engineer building mission-critical services.
Key projects involved leveraging ci/cd, fastapi, javascript to optimize workflow efficiency.
Education: Bachelor of Technology (B.Tech) in Computer Science and Engineering."
Python Developer,"Professional Profile: Python Developer Specialist.
Detail-oriented developer with continuous learning attitude and strong communication and teamwork abilities. Passionate problem solver dedicated to delivering high quality scalable software solutions.
Core Competencies and Technical Skills: python, django, flask, sql, postgresql, rest api.
Experience Summary: Working as a Senior Python Developer building mission-critical services.
Key projects involved leveraging python, django, flask to optimize workflow efficiency.
Education: Bachelor of Technology (B.Tech) in Computer Science and Engineering."
Python Developer,"Professional Profile: Python Developer Specialist.
Experienced software professional with demonstrated history of working in enterprise technology. Passionate problem solver dedicated to delivering high quality scalable software solutions.
Core Competencies and Technical Skills: git, sql, postgresql, rest api, docker.
Experience Summary: Working as a Senior Python Developer building mission-critical services.
Key projects involved leveraging git, sql, postgresql to optimize workflow efficiency.
Education: Bachelor of Technology (B.Tech) in Computer Science and Engineering."
Python Developer,"Professional Profile: Python Developer Specialist.
Strong engineering background with proven expertise in agile methodologies and clean code design. Detail-oriented developer with continuous learning attitude and strong communication and teamwork abilities. Holds a Bachelor degree in Computer Science with a solid foundation in algorithms and system architecture.
Core Competencies and Technical Skills: ci/cd, fastapi, python, docker, redis, kubernetes.
Experience Summary: Working as a Backend FastAPI Engineer building mission-critical services.
Key projects involved leveraging ci/cd, fastapi, python to optimize workflow efficiency.
Education: Bachelor of Technology (B.Tech) in Computer Science and Engineering."
Python Developer,"Professional Profile: Python Developer Specialist.
Skilled in full life cycle development, system optimization, code reviews, and performance tuning. Collaborated across cross-functional engineering teams to architect reliable cloud-native services. Contributed to enterprise digital transformation projects adhering to strict industry security standards.
Core Competencies and Technical Skills: pandas, django, javascript, git, css, postgresql, html, docker.
Experience Summary: Working as a Full Stack Python Developer building mission-critical services.
Key projects involved leveraging pandas, django, javascript to optimize workflow efficiency.
Education: Bachelor of Technology (B.Tech) in Computer Science and Engineering."
Python Developer,"Professional Profile: Python Developer Specialist.
Holds a Bachelor degree in Computer Science with a solid foundation in algorithms and system architecture. Contributed to enterprise digital transformation projects adhering to strict industry security standards. Passionate problem solver dedicated to delivering high quality scalable software solutions.
Core Competencies and Technical Skills: python, django, git, css, postgresql, docker.
Experience Summary: Working as a Full Stack Python Developer building mission-critical services.
Key projects involved leveraging python, django, git to optimize workflow efficiency.
Education: Bachelor of Technology (B.Tech) in Computer Science and Engineering."
Python Developer,"Professional Profile: Python Developer Specialist.
Holds a Bachelor degree in Computer Science with a solid foundation in algorithms and system architecture. Demonstrated ability to troubleshoot mission critical production incidents and deliver timely resolutions. Detail-oriented developer with continuous learning attitude and strong communication and teamwork abilities.
Core Competencies and Technical Skills: django, git, css, html, docker.
Experience Summary: Working as a Full Stack Python Developer building mission-critical services.
Key projects involved leveraging django, git, css to optimize workflow efficiency.
Education: Bachelor of Technology (B.Tech) in Computer Science and Engineering."
Python Developer,"Professional Profile: Python Developer Specialist.
Holds a Bachelor degree in Computer Science with a solid foundation in algorithms and system architecture. Skilled in full life cycle development, system optimization, code reviews, and performance tuning.
Core Competencies and Technical Skills: python, selenium, beautifulsoup, rest api, web scraping.
Experience Summary: Working as a Python Automation Engineer building mission-critical services.
Key projects involved leveraging python, selenium, beautifulsoup to optimize workflow efficiency.
Education: Bachelor of Technology (B.Tech) in Computer Science and Engineering."
Python Developer,"Professional Profile: Python Developer Specialist.
Detail-oriented developer with continuous learning attitude and strong communication and teamwork abilities. Experienced software professional with demonstrated history of working in enterprise technology. Successfully implemented automated workflows and modern development practices across multiple client projects.
Core Competencies and Technical Skills: flask, git, sql, postgresql, rest api, docker.
Experience Summary: Working as a Senior Python Developer building mission-critical services.
Key projects involved leveraging flask, git, sql to optimize workflow efficiency.
Education: Bachelor of Technology (B.Tech) in Computer Science and Engineering."
Python Developer,"Professional Profile: Python Developer Specialist.
Successfully implemented automated workflows and modern development practices across multiple client projects. Experienced software professional with demonstrated history of working in enterprise technology.
Core Competencies and Technical Skills: ci/cd, fastapi, flask, redis, git, kubernetes.
Experience Summary: Working as a Backend FastAPI Engineer building mission-critical services.
Key projects involved leveraging ci/cd, fastapi, flask to optimize workflow efficiency.
Education: Bachelor of Technology (B.Tech) in Computer Science and Engineering."
Python Developer,"Professional Profile: Python Developer Specialist.
Collaborated across cross-functional engineering teams to architect reliable cloud-native services. Detail-oriented developer with continuous learning attitude and strong communication and teamwork abilities. Holds a Bachelor degree in Computer Science with a solid foundation in algorithms and system architecture.
Core Competencies and Technical Skills: ci/cd, fastapi, python, redis, git.
Experience Summary: Working as a Backend FastAPI Engineer building mission-critical services.
Key projects involved leveraging ci/cd, fastapi, python to optimize workflow efficiency.
Education: Bachelor of Technology (B.Tech) in Computer Science and Engineering."
Python Developer,"Professional Profile: Python Developer Specialist.
Holds a Bachelor degree in Computer Science with a solid foundation in algorithms and system architecture. Collaborated across cross-functional engineering teams to architect reliable cloud-native services.
Core Competencies and Technical Skills: python, django, flask, git, rest api, docker.
Experience Summary: Working as a Senior Python Developer building mission-critical services.
Key projects involved leveraging python, django, flask to optimize workflow efficiency.
Education: Bachelor of Technology (B.Tech) in Computer Science and Engineering."
Python Developer,"Professional Profile: Python Developer Specialist.
Detail-oriented developer with continuous learning attitude and strong communication and teamwork abilities. Passionate problem solver dedicated to delivering high quality scalable software solutions.
Core Competencies and Technical Skills: ci/cd, fastapi, python, git, kubernetes, docker.
Experience Summary: Working as a Backend FastAPI Engineer building mission-critical services.
Key projects involved leveraging ci/cd, fastapi, python to optimize workflow efficiency.
Education: Bachelor of Technology (B.Tech) in Computer Science and Engineering."
Python Developer,"Professional Profile: Python Developer Specialist.
Skilled in full life cycle development, system optimization, code reviews, and performance tuning. Passionate problem solver dedicated to delivering high quality scalable software solutions.
Core Competencies and Technical Skills: ci/cd, python, pandas, selenium, beautifulsoup, web scraping.
Experience Summary: Working as a Python Automation Engineer building mission-critical services.
Key projects involved leveraging ci/cd, python, pandas to optimize workflow efficiency.
Education: Bachelor of Technology (B.Tech) in Computer Science and Engineering."
Python Developer,"Professional Profile: Python Developer Specialist.
Collaborated across cross-functional engineering teams to architect reliable cloud-native services. Passionate problem solver dedicated to delivering high quality scalable software solutions. Skilled in full life cycle development, system optimization, code reviews, and performance tuning. Successfully implemented automated workflows and modern development practices across multiple client projects.
Core Competencies and Technical Skills: javascript, git, css, postgresql, html, docker.
Experience Summary: Working as a Full Stack Python Developer building mission-critical services.
Key projects involved leveraging javascript, git, css to optimize workflow efficiency.
Education: Bachelor of Technology (B.Tech) in Computer Science and Engineering."
Python Developer,"Professional Profile: Python Developer Specialist.
Demonstrated ability to troubleshoot mission critical production incidents and deliver timely resolutions. Holds a Bachelor degree in Computer Science with a solid foundation in algorithms and system architecture.
Core Competencies and Technical Skills: python, pandas, git, rest api, web scraping.
Experience Summary: Working as a Python Automation Engineer building mission-critical services.
Key projects involved leveraging python, pandas, git to optimize workflow efficiency.
Education: Bachelor of Technology (B.Tech) in Computer Science and Engineering."
Python Developer,"Professional Profile: Python Developer Specialist.
Detail-oriented developer with continuous learning attitude and strong communication and teamwork abilities. Strong engineering background with proven expertise in agile methodologies and clean code design. Successfully implemented automated workflows and modern development practices across multiple client projects. Passionate problem solver dedicated to delivering high quality scalable software solutions.
Core Competencies and Technical Skills: python, git, rest api, docker, web scraping.
Experience Summary: Working as a Senior Python Developer building mission-critical services.
Key projects involved leveraging python, git, rest api to optimize workflow efficiency.
Education: Bachelor of Technology (B.Tech) in Computer Science and Engineering."
Python Developer,"Professional Profile: Python Developer Specialist.
Holds a Bachelor degree in Computer Science with a solid foundation in algorithms and system architecture. Collaborated across cross-functional engineering teams to architect reliable cloud-native services. Passionate problem solver dedicated to delivering high quality scalable software solutions.
Core Competencies and Technical Skills: django, javascript, git, css, redis, html, docker.
Experience Summary: Working as a Full Stack Python Developer building mission-critical services.
Key projects involved leveraging django, javascript, git to optimize workflow efficiency.
Education: Bachelor of Technology (B.Tech) in Computer Science and Engineering."
Python Developer,"Professional Profile: Python Developer Specialist.
Holds a Bachelor degree in Computer Science with a solid foundation in algorithms and system architecture. Strong engineering background with proven expertise in agile methodologies and clean code design. Detail-oriented developer with continuous learning attitude and strong communication and teamwork abilities.
Core Competencies and Technical Skills: flask, git, sql, postgresql, rest api.
Experience Summary: Working as a Senior Python Developer building mission-critical services.
Key projects involved leveraging flask, git, sql to optimize workflow efficiency.
Education: Bachelor of Technology (B.Tech) in Computer Science and Engineering."
Python Developer,"Professional Profile: Python Developer Specialist.
Experienced software professional with demonstrated history of working in enterprise technology. Demonstrated ability to troubleshoot mission critical production incidents and deliver timely resolutions. Collaborated across cross-functional engineering teams to architect reliable cloud-native services. Contributed to enterprise digital transformation projects adhering to strict industry security standards.
Core Competencies and Technical Skills: pandas, git, beautifulsoup, postgresql, rest api.
Experience Summary: Working as a Python Automation Engineer building mission-critical services.
Key projects involved leveraging pandas, git, beautifulsoup to optimize workflow efficiency.
Education: Bachelor of Technology (B.Tech) in Computer Science and Engineering."
Python Developer,"Professional Profile: Python Developer Specialist.
Experienced software professional with demonstrated history of working in enterprise technology. Passionate problem solver dedicated to delivering high quality scalable software solutions. Skilled in full life cycle development, system optimization, code reviews, and performance tuning.
Core Competencies and Technical Skills: pandas, flask, git, sql, rest api, docker.
Experience Summary: Working as a Senior Python Developer building mission-critical services.
Key projects involved leveraging pandas, flask, git to optimize workflow efficiency.
Education: Bachelor of Technology (B.Tech) in Computer Science and Engineering."
Python Developer,"Professional Profile: Python Developer Specialist.
Successfully implemented automated workflows and modern development practices across multiple client projects. Demonstrated ability to troubleshoot mission critical production incidents and deliver timely resolutions. Holds a Bachelor degree in Computer Science with a solid foundation in algorithms and system architecture.
Core Competencies and Technical Skills: django, javascript, css, postgresql, html, docker.
Experience Summary: Working as a Full Stack Python Developer building mission-critical services.
Key projects involved leveraging django, javascript, css to optimize workflow efficiency.
Education: Bachelor of Technology (B.Tech) in Computer Science and Engineering."
Python Developer,"Professional Profile: Python Developer Specialist.
Collaborated across cross-functional engineering teams to architect reliable cloud-native services. Holds a Bachelor degree in Computer Science with a solid foundation in algorithms and system architecture. Passionate problem solver dedicated to delivering high quality scalable software solutions. Demonstrated ability to troubleshoot mission critical production incidents and deliver timely resolutions.
Core Competencies and Technical Skills: beautifulsoup, selenium, rest api, pandas.
Experience Summary: Working as a Python Automation Engineer building mission-critical services.
Key projects involved leveraging beautifulsoup, selenium, rest api to optimize workflow efficiency.
Education: Bachelor of Technology (B.Tech) in Computer Science and Engineering."
Python Developer,"Professional Profile: Python Developer Specialist.
Skilled in full life cycle development, system optimization, code reviews, and performance tuning. Passionate problem solver dedicated to delivering high quality scalable software solutions. Collaborated across cross-functional engineering teams to architect reliable cloud-native services. Strong engineering background with proven expertise in agile methodologies and clean code design.
Core Competencies and Technical Skills: django, javascript, git, postgresql, html, docker.
Experience Summary: Working as a Full Stack Python Developer building mission-critical services.
Key projects involved leveraging django, javascript, git to optimize workflow efficiency.
Education: Bachelor of Technology (B.Tech) in Computer Science and Engineering."
Python Developer,"Professional Profile: Python Developer Specialist.
Demonstrated ability to troubleshoot mission critical production incidents and deliver timely resolutions. Skilled in full life cycle development, system optimization, code reviews, and performance tuning.
Core Competencies and Technical Skills: microservices, ci/cd, fastapi, python, docker.
Experience Summary: Working as a Backend FastAPI Engineer building mission-critical services.
Key projects involved leveraging microservices, ci/cd, fastapi to optimize workflow efficiency.
Education: Bachelor of Technology (B.Tech) in Computer Science and Engineering."
Python Developer,"Professional Profile: Python Developer Specialist.
Detail-oriented developer with continuous learning attitude and strong communication and teamwork abilities. Holds a Bachelor degree in Computer Science with a solid foundation in algorithms and system architecture. Strong engineering background with proven expertise in agile methodologies and clean code design.
Core Competencies and Technical Skills: python, pandas, selenium, rest api, web scraping.
Experience Summary: Working as a Python Automation Engineer building mission-critical services.
Key projects involved leveraging python, pandas, selenium to optimize workflow efficiency.
Education: Bachelor of Technology (B.Tech) in Computer Science and Engineering."
Python Developer,"Professional Profile: Python Developer Specialist.
Experienced software professional with demonstrated history of working in enterprise technology. Strong engineering background with proven expertise in agile methodologies and clean code design. Demonstrated ability to troubleshoot mission critical production incidents and deliver timely resolutions. Successfully implemented automated workflows and modern development practices across multiple client projects.
Core Competencies and Technical Skills: python, django, javascript, git, postgresql, html, docker.
Experience Summary: Working as a Full Stack Python Developer building mission-critical services.
Key projects involved leveraging python, django, javascript to optimize workflow efficiency.
Education: Bachelor of Technology (B.Tech) in Computer Science and Engineering."
Python Developer,"Professional Profile: Python Developer Specialist.
Demonstrated ability to troubleshoot mission critical production incidents and deliver timely resolutions. Successfully implemented automated workflows and modern development practices across multiple client projects.
Core Competencies and Technical Skills: python, django, flask, sql, rest api, docker.
Experience Summary: Working as a Senior Python Developer building mission-critical services.
Key projects involved leveraging python, django, flask to optimize workflow efficiency.
Education: Bachelor of Technology (B.Tech) in Computer Science and Engineering."
Python Developer,"Professional Profile: Python Developer Specialist.
Passionate problem solver dedicated to delivering high quality scalable software solutions. Collaborated across cross-functional engineering teams to architect reliable cloud-native services. Demonstrated ability to troubleshoot mission critical production incidents and deliver timely resolutions. Strong engineering background with proven expertise in agile methodologies and clean code design.
Core Competencies and Technical Skills: javascript, git, postgresql, html, docker.
Experience Summary: Working as a Full Stack Python Developer building mission-critical services.
Key projects involved leveraging javascript, git, postgresql to optimize workflow efficiency.
Education: Bachelor of Technology (B.Tech) in Computer Science and Engineering."
Python Developer,"Professional Profile: Python Developer Specialist.
Contributed to enterprise digital transformation projects adhering to strict industry security standards. Detail-oriented developer with continuous learning attitude and strong communication and teamwork abilities. Skilled in full life cycle development, system optimization, code reviews, and performance tuning.
Core Competencies and Technical Skills: python, selenium, git, rest api, web scraping.
Experience Summary: Working as a Python Automation Engineer building mission-critical services.
Key projects involved leveraging python, selenium, git to optimize workflow efficiency.
Education: Bachelor of Technology (B.Tech) in Computer Science and Engineering."
Python Developer,"Professional Profile: Python Developer Specialist.
Skilled in full life cycle development, system optimization, code reviews, and performance tuning. Collaborated across cross-functional engineering teams to architect reliable cloud-native services.
Core Competencies and Technical Skills: postgresql, docker, html, css.
Experience Summary: Working as a Full Stack Python Developer building mission-critical services.
Key projects involved leveraging postgresql, docker, html to optimize workflow efficiency.
Education: Bachelor of Technology (B.Tech) in Computer Science and Engineering."
Python Developer,"Professional Profile: Python Developer Specialist.
Skilled in full life cycle development, system optimization, code reviews, and performance tuning. Contributed to enterprise digital transformation projects adhering to strict industry security standards.
Core Competencies and Technical Skills: python, pandas, beautifulsoup, rest api, web scraping.
Experience Summary: Working as a Python Automation Engineer building mission-critical services.
Key projects involved leveraging python, pandas, beautifulsoup to optimize workflow efficiency.
Education: Bachelor of Technology (B.Tech) in Computer Science and Engineering."
Python Developer,"Professional Profile: Python Developer Specialist.
Passionate problem solver dedicated to delivering high quality scalable software solutions. Experienced software professional with demonstrated history of working in enterprise technology. Successfully implemented automated workflows and modern development practices across multiple client projects.
Core Competencies and Technical Skills: pandas, django, git, postgresql, rest api, docker.
Experience Summary: Working as a Senior Python Developer building mission-critical services.
Key projects involved leveraging pandas, django, git to optimize workflow efficiency.
Education: Bachelor of Technology (B.Tech) in Computer Science and Engineering."
Python Developer,"Professional Profile: Python Developer Specialist.
Experienced software professional with demonstrated history of working in enterprise technology. Skilled in full life cycle development, system optimization, code reviews, and performance tuning. Contributed to enterprise digital transformation projects adhering to strict industry security standards. Successfully implemented automated workflows and modern development practices across multiple client projects.
Core Competencies and Technical Skills: python, pandas, selenium, git, redis, beautifulsoup.
Experience Summary: Working as a Python Automation Engineer building mission-critical services.
Key projects involved leveraging python, pandas, selenium to optimize workflow efficiency.
Education: Bachelor of Technology (B.Tech) in Computer Science and Engineering."
Python Developer,"Professional Profile: Python Developer Specialist.
Detail-oriented developer with continuous learning attitude and strong communication and teamwork abilities. Passionate problem solver dedicated to delivering high quality scalable software solutions. Contributed to enterprise digital transformation projects adhering to strict industry security standards. Strong engineering background with proven expertise in agile methodologies and clean code design.
Core Competencies and Technical Skills: python, pandas, selenium, git, beautifulsoup.
Experience Summary: Working as a Python Automation Engineer building mission-critical services.
Key projects involved leveraging python, pandas, selenium to optimize workflow efficiency.
Education: Bachelor of Technology (B.Tech) in Computer Science and Engineering."
Python Developer,"Professional Profile: Python Developer Specialist.
Successfully implemented automated workflows and modern development practices across multiple client projects. Demonstrated ability to troubleshoot mission critical production incidents and deliver timely resolutions. Experienced software professional with demonstrated history of working in enterprise technology.
Core Competencies and Technical Skills: ci/cd, microservices, fastapi, python, pandas, kubernetes.
Experience Summary: Working as a Backend FastAPI Engineer building mission-critical services.
Key projects involved leveraging ci/cd, microservices, fastapi to optimize workflow efficiency.
Education: Bachelor of Technology (B.Tech) in Computer Science and Engineering."
Python Developer,"Professional Profile: Python Developer Specialist.
Demonstrated ability to troubleshoot mission critical production incidents and deliver timely resolutions. Detail-oriented developer with continuous learning attitude and strong communication and teamwork abilities. Successfully implemented automated workflows and modern development practices across multiple client projects. Experienced software professional with demonstrated history of working in enterprise technology.
Core Competencies and Technical Skills: microservices, python, redis, git, css, kubernetes.
Experience Summary: Working as a Backend FastAPI Engineer building mission-critical services.
Key projects involved leveraging microservices, python, redis to optimize workflow efficiency.
Education: Bachelor of Technology (B.Tech) in Computer Science and Engineering."
Python Developer,"Professional Profile: Python Developer Specialist.
Strong engineering background with proven expertise in agile methodologies and clean code design. Skilled in full life cycle development, system optimization, code reviews, and performance tuning. Detail-oriented developer with continuous learning attitude and strong communication and teamwork abilities. Holds a Bachelor degree in Computer Science with a solid foundation in algorithms and system architecture.
Core Competencies and Technical Skills: ci/cd, python, docker, redis, kubernetes.
Experience Summary: Working as a Backend FastAPI Engineer building mission-critical services.
Key projects involved leveraging ci/cd, python, docker to optimize workflow efficiency.
Education: Bachelor of Technology (B.Tech) in Computer Science and Engineering."
Python Developer,"Professional Profile: Python Developer Specialist.
Demonstrated ability to troubleshoot mission critical production incidents and deliver timely resolutions. Successfully implemented automated workflows and modern development practices across multiple client projects.
Core Competencies and Technical Skills: fastapi, python, docker, git, kubernetes.
Experience Summary: Working as a Backend FastAPI Engineer building mission-critical services.
Key projects involved leveraging fastapi, python, docker to optimize workflow efficiency.
Education: Bachelor of Technology (B.Tech) in Computer Science and Engineering."
Java Developer,"Professional Profile: Java Developer Specialist.
Skilled in full life cycle development, system optimization, code reviews, and performance tuning. Successfully implemented automated workflows and modern development practices across multiple client projects. Detail-oriented developer with continuous learning attitude and strong communication and teamwork abilities. Collaborated across cross-functional engineering teams to architect reliable cloud-native services.
Core Competencies and Technical Skills: spring, ci/cd, java, git, postgresql, junit.
Experience Summary: Working as a Senior Java Engineer building mission-critical services.
Key projects involved leveraging spring, ci/cd, java to optimize workflow efficiency.
Education: Bachelor of Technology (B.Tech) in Computer Science and Engineering."
Java Developer,"Professional Profile: Java Developer Specialist.
Holds a Bachelor degree in Computer Science with a solid foundation in algorithms and system architecture. Demonstrated ability to troubleshoot mission critical production incidents and deliver timely resolutions. Skilled in full life cycle development, system optimization, code reviews, and performance tuning.
Core Competencies and Technical Skills: ci/cd, data structures, algorithms, rest api, spring boot, oop.
Experience Summary: Working as a Core Java Software Engineer building mission-critical services.
Key projects involved leveraging ci/cd, data structures, algorithms to optimize workflow efficiency.
Education: Bachelor of Technology (B.Tech) in Computer Science and Engineering."
Java Developer,"Professional Profile: Java Developer Specialist.
Holds a Bachelor degree in Computer Science with a solid foundation in algorithms and system architecture. Demonstrated ability to troubleshoot mission critical production incidents and deliver timely resolutions. Successfully implemented automated workflows and modern development practices across multiple client projects.
Core Competencies and Technical Skills: ci/cd, java, sql, postgresql, algorithms, kubernetes, docker.
Experience Summary: Working as a Senior Java Engineer building mission-critical services.
Key projects involved leveraging ci/cd, java, sql to optimize workflow efficiency.
Education: Bachelor of Technology (B.Tech) in Computer Science and Engineering."
Java Developer,"Professional Profile: Java Developer Specialist.
Experienced software professional with demonstrated history of working in enterprise technology. Holds a Bachelor degree in Computer Science with a solid foundation in algorithms and system architecture. Detail-oriented developer with continuous learning attitude and strong communication and teamwork abilities.
Core Competencies and Technical Skills: spring, ci/cd, junit, postgresql, kubernetes.
Experience Summary: Working as a Senior Java Engineer building mission-critical services.
Key projects involved leveraging spring, ci/cd, junit to optimize workflow efficiency.
Education: Bachelor of Technology (B.Tech) in Computer Science and Engineering."
Java Developer,"Professional Profile: Java Developer Specialist.
Holds a Bachelor degree in Computer Science with a solid foundation in algorithms and system architecture. Passionate problem solver dedicated to delivering high quality scalable software solutions. Detail-oriented developer with continuous learning attitude and strong communication and teamwork abilities. Experienced software professional with demonstrated history of working in enterprise technology.
Core Competencies and Technical Skills: maven, java, git, redis, spring boot, docker.
Experience Summary: Working as a Java Cloud Services Engineer building mission-critical services.
Key projects involved leveraging maven, java, git to optimize workflow efficiency.
Education: Bachelor of Technology (B.Tech) in Computer Science and Engineering."
Java Developer,"Professional Profile: Java Developer Specialist.
Skilled in full life cycle development, system optimization, code reviews, and performance tuning. Holds a Bachelor degree in Computer Science with a solid foundation in algorithms and system architecture. Successfully implemented automated workflows and modern development practices across multiple client projects.
Core Competencies and Technical Skills: microservices, java, git, spring boot, rest api, mysql.
Experience Summary: Working as a Java Backend Developer building mission-critical services.
Key projects involved leveraging microservices, java, git to optimize workflow efficiency.
Education: Bachelor of Technology (B.Tech) in Computer Science and Engineering."
Java Developer,"Professional Profile: Java Developer Specialist.
Experienced software professional with demonstrated history of working in enterprise technology. Passionate problem solver dedicated to delivering high quality scalable software solutions. Collaborated across cross-functional engineering teams to architect reliable cloud-native services. Holds a Bachelor degree in Computer Science with a solid foundation in algorithms and system architecture.
Core Competencies and Technical Skills: ci/cd, spring, docker, junit, postgresql, algorithms, kubernetes.
Experience Summary: Working as a Senior Java Engineer building mission-critical services.
Key projects involved leveraging ci/cd, spring, docker to optimize workflow efficiency.
Education: Bachelor of Technology (B.Tech) in Computer Science and Engineering."
Java Developer,"Professional Profile: Java Developer Specialist.
Strong engineering background with proven expertise in agile methodologies and clean code design. Skilled in full life cycle development, system optimization, code reviews, and performance tuning. Experienced software professional with demonstrated history of working in enterprise technology.
Core Competencies and Technical Skills: java, junit, hibernate, spring boot, rest api, algorithms, oop.
Experience Summary: Working as a Core Java Software Engineer building mission-critical services.
Key projects involved leveraging java, junit, hibernate to optimize workflow efficiency.
Education: Bachelor of Technology (B.Tech) in Computer Science and Engineering."
Java Developer,"Professional Profile: Java Developer Specialist.
Successfully implemented automated workflows and modern development practices across multiple client projects. Strong engineering background with proven expertise in agile methodologies and clean code design. Demonstrated ability to troubleshoot mission critical production incidents and deliver timely resolutions. Passionate problem solver dedicated to delivering high quality scalable software solutions.
Core Competencies and Technical Skills: spring, java, sql, junit, kubernetes.
Experience Summary: Working as a Senior Java Engineer building mission-critical services.
Key projects involved leveraging spring, java, sql to optimize workflow efficiency.
Education: Bachelor of Technology (B.Tech) in Computer Science and Engineering."
Java Developer,"Professional Profile: Java Developer Specialist.
Collaborated across cross-functional engineering teams to architect reliable cloud-native services. Detail-oriented developer with continuous learning attitude and strong communication and teamwork abilities.
Core Competencies and Technical Skills: redis, git, spring boot, rest api, oop.
Experience Summary: Working as a Core Java Software Engineer building mission-critical services.
Key projects involved leveraging redis, git, spring boot to optimize workflow efficiency.
Education: Bachelor of Technology (B.Tech) in Computer Science and Engineering."
Java Developer,"Professional Profile: Java Developer Specialist.
Detail-oriented developer with continuous learning attitude and strong communication and teamwork abilities. Holds a Bachelor degree in Computer Science with a solid foundation in algorithms and system architecture.
Core Competencies and Technical Skills: microservices, java, git, rest api, spring boot, mysql.
Experience Summary: Working as a Java Backend Developer building mission-critical services.
Key projects involved leveraging microservices, java, git to optimize workflow efficiency.
Education: Bachelor of Technology (B.Tech) in Computer Science and Engineering."
Java Developer,"Professional Profile: Java Developer Specialist.
Collaborated across cross-functional engineering teams to architect reliable cloud-native services. Successfully implemented automated workflows and modern development practices across multiple client projects.
Core Competencies and Technical Skills: spring, java, sql, junit, postgresql, algorithms, kubernetes, docker.
Experience Summary: Working as a Senior Java Engineer building mission-critical services.
Key projects involved leveraging spring, java, sql to optimize workflow efficiency.
Education: Bachelor of Technology (B.Tech) in Computer Science and Engineering."
Java Developer,"Professional Profile: Java Developer Specialist.
Experienced software professional with demonstrated history of working in enterprise technology. Detail-oriented developer with continuous learning attitude and strong communication and teamwork abilities. Skilled in full life cycle development, system optimization, code reviews, and performance tuning. Successfully implemented automated workflows and modern development practices across multiple client projects.
Core Competencies and Technical Skills: data structures, java, spring boot, rest api, algorithms, oop.
Experience Summary: Working as a Core Java Software Engineer building mission-critical services.
Key projects involved leveraging data structures, java, spring boot to optimize workflow efficiency.
Education: Bachelor of Technology (B.Tech) in Computer Science and Engineering."
Java Developer,"Professional Profile: Java Developer Specialist.
Passionate problem solver dedicated to delivering high quality scalable software solutions. Experienced software professional with demonstrated history of working in enterprise technology. Skilled in full life cycle development, system optimization, code reviews, and performance tuning. Successfully implemented automated workflows and modern development practices across multiple client projects.
Core Competencies and Technical Skills: kafka, maven, git, redis, junit, spring boot, docker.
Experience Summary: Working as a Java Cloud Services Engineer building mission-critical services.
Key projects involved leveraging kafka, maven, git to optimize workflow efficiency.
Education: Bachelor of Technology (B.Tech) in Computer Science and Engineering."
Java Developer,"Professional Profile: Java Developer Specialist.
Strong engineering background with proven expertise in agile methodologies and clean code design. Collaborated across cross-functional engineering teams to architect reliable cloud-native services. Contributed to enterprise digital transformation projects adhering to strict industry security standards.
Core Competencies and Technical Skills: ci/cd, spring, java, sql, kubernetes.
Experience Summary: Working as a Senior Java Engineer building mission-critical services.
Key projects involved leveraging ci/cd, spring, java to optimize workflow efficiency.
Education: Bachelor of Technology (B.Tech) in Computer Science and Engineering."
Java Developer,"Professional Profile: Java Developer Specialist.
Holds a Bachelor degree in Computer Science with a solid foundation in algorithms and system architecture. Passionate problem solver dedicated to delivering high quality scalable software solutions. Detail-oriented developer with continuous learning attitude and strong communication and teamwork abilities.
Core Competencies and Technical Skills: microservices, maven, hibernate, spring boot, rest api, algorithms, mysql.
Experience Summary: Working as a Java Backend Developer building mission-critical services.
Key projects involved leveraging microservices, maven, hibernate to optimize workflow efficiency.
Education: Bachelor of Technology (B.Tech) in Computer Science and Engineering."
Java Developer,"Professional Profile: Java Developer Specialist.
Passionate problem solver dedicated to delivering high quality scalable software solutions. Detail-oriented developer with continuous learning attitude and strong communication and teamwork abilities. Holds a Bachelor degree in Computer Science with a solid foundation in algorithms and system architecture. Demonstrated ability to troubleshoot mission critical production incidents and deliver timely resolutions.
Core Competencies and Technical Skills: maven, kafka, java, git, redis, spring boot, docker.
Experience Summary: Working as a Java Cloud Services Engineer building mission-critical services.
Key projects involved leveraging maven, kafka, java to optimize workflow efficiency.
Education: Bachelor of Technology (B.Tech) in Computer Science and Engineering."
Java Developer,"Professional Profile: Java Developer Specialist.
Contributed to enterprise digital transformation projects adhering to strict industry security standards. Demonstrated ability to troubleshoot mission critical production incidents and deliver timely resolutions.
Core Competencies and Technical Skills: data structures, java, git, junit, spring boot, algorithms.
Experience Summary: Working as a Core Java Software Engineer building mission-critical services.
Key projects involved leveraging data structures, java, git to optimize workflow efficiency.
Education: Bachelor of Technology (B.Tech) in Computer Science and Engineering."
Java Developer,"Professional Profile: Java Developer Specialist.
Experienced software professional with demonstrated history of working in enterprise technology. Contributed to enterprise digital transformation projects adhering to strict industry security standards.
Core Competencies and Technical Skills: ci/cd, java, sql, postgresql, hibernate, kubernetes.
Experience Summary: Working as a Senior Java Engineer building mission-critical services.
Key projects involved leveraging ci/cd, java, sql to optimize workflow efficiency.
Education: Bachelor of Technology (B.Tech) in Computer Science and Engineering."
Java Developer,"Professional Profile: Java Developer Specialist.
Demonstrated ability to troubleshoot mission critical production incidents and deliver timely resolutions. Successfully implemented automated workflows and modern development practices across multiple client projects. Strong engineering background with proven expertise in agile methodologies and clean code design.
Core Competencies and Technical Skills: ci/cd, spring, java, junit, docker.
Experience Summary: Working as a Senior Java Engineer building mission-critical services.
Key projects involved leveraging ci/cd, spring, java to optimize workflow efficiency.
Education: Bachelor of Technology (B.Tech) in Computer Science and Engineering."
Java Developer,"Professional Profile: Java Developer Specialist.
Collaborated across cross-functional engineering teams to architect reliable cloud-native services. Detail-oriented developer with continuous learning attitude and strong communication and teamwork abilities. Demonstrated ability to troubleshoot mission critical production incidents and deliver timely resolutions.
Core Competencies and Technical Skills: git, junit, spring boot, algorithms, rest api, oop.
Experience Summary: Working as a Core Java Software Engineer building mission-critical services.
Key projects involved leveraging git, junit, spring boot to optimize workflow efficiency.
Education: Bachelor of Technology (B.Tech) in Computer Science and Engineering."
Java Developer,"Professional Profile: Java Developer Specialist.
Detail-oriented developer with continuous learning attitude and strong communication and teamwork abilities. Passionate problem solver dedicated to delivering high quality scalable software solutions.
Core Competencies and Technical Skills: data structures, java, git, junit, rest api, spring boot, oop.
Experience Summary: Working as a Core Java Software Engineer building mission-critical services.
Key projects involved leveraging data structures, java, git to optimize workflow efficiency.
Education: Bachelor of Technology (B.Tech) in Computer Science and Engineering."
Java Developer,"Professional Profile: Java Developer Specialist.
Collaborated across cross-functional engineering teams to architect reliable cloud-native services. Contributed to enterprise digital transformation projects adhering to strict industry security standards. Demonstrated ability to troubleshoot mission critical production incidents and deliver timely resolutions. Strong engineering background with proven expertise in agile methodologies and clean code design.
Core Competencies and Technical Skills: ci/cd, spring, java, sql, kubernetes, docker.
Experience Summary: Working as a Senior Java Engineer building mission-critical services.
Key projects involved leveraging ci/cd, spring, java to optimize workflow efficiency.
Education: Bachelor of Technology (B.Tech) in Computer Science and Engineering."
Java Developer,"Professional Profile: Java Developer Specialist.
Strong engineering background with proven expertise in agile methodologies and clean code design. Experienced software professional with demonstrated history of working in enterprise technology.
Core Competencies and Technical Skills: maven, kafka, java, git, spring boot, docker.
Experience Summary: Working as a Java Cloud Services Engineer building mission-critical services.
Key projects involved leveraging maven, kafka, java to optimize workflow efficiency.
Education: Bachelor of Technology (B.Tech) in Computer Science and Engineering."
Java Developer,"Professional Profile: Java Developer Specialist.
Successfully implemented automated workflows and modern development practices across multiple client projects. Demonstrated ability to troubleshoot mission critical production incidents and deliver timely resolutions.
Core Competencies and Technical Skills: spring, java, sql, postgresql, docker.
Experience Summary: Working as a Senior Java Engineer building mission-critical services.
Key projects involved leveraging spring, java, sql to optimize workflow efficiency.
Education: Bachelor of Technology (B.Tech) in Computer Science and Engineering."
Java Developer,"Professional Profile: Java Developer Specialist.
Experienced software professional with demonstrated history of working in enterprise technology. Demonstrated ability to troubleshoot mission critical production incidents and deliver timely resolutions. Skilled in full life cycle development, system optimization, code reviews, and performance tuning. Collaborated across cross-functional engineering teams to architect reliable cloud-native services.
Core Competencies and Technical Skills: spring, kafka, maven, java, redis, spring boot.
Experience Summary: Working as a Java Cloud Services Engineer building mission-critical services.
Key projects involved leveraging spring, kafka, maven to optimize workflow efficiency.
Education: Bachelor of Technology (B.Tech) in Computer Science and Engineering."
Java Developer,"Professional Profile: Java Developer Specialist.
Detail-oriented developer with continuous learning attitude and strong communication and teamwork abilities. Passionate problem solver dedicated to delivering high quality scalable software solutions. Demonstrated ability to troubleshoot mission critical production incidents and deliver timely resolutions. Strong engineering background with proven expertise in agile methodologies and clean code design.
Core Competencies and Technical Skills: data structures, java, junit, algorithms, rest api, spring boot.
Experience Summary: Working as a Core Java Software Engineer building mission-critical services.
Key projects involved leveraging data structures, java, junit to optimize workflow efficiency.
Education: Bachelor of Technology (B.Tech) in Computer Science and Engineering."
Java Developer,"Professional Profile: Java Developer Specialist.
Detail-oriented developer with continuous learning attitude and strong communication and teamwork abilities. Demonstrated ability to troubleshoot mission critical production incidents and deliver timely resolutions. Successfully implemented automated workflows and modern development practices across multiple client projects.
Core Competencies and Technical Skills: microservices, maven, git, hibernate, spring boot, oop, mysql.
Experience Summary: Working as a Java Backend Developer building mission-critical services.
Key projects involved leveraging microservices, maven, git to optimize workflow efficiency.
Education: Bachelor of Technology (B.Tech) in Computer Science and Engineering."
Java Developer,"Professional Profile: Java Developer Specialist.
Holds a Bachelor degree in Computer Science with a solid foundation in algorithms and system architecture. Detail-oriented developer with continuous learning attitude and strong communication and teamwork abilities. Successfully implemented automated workflows and modern development practices across multiple client projects.
Core Competencies and Technical Skills: microservices, spring, maven, git, spring boot, docker.
Experience Summary: Working as a Java Cloud Services Engineer building mission-critical services.
Key projects involved leveraging microservices, spring, maven to optimize workflow efficiency.
Education: Bachelor of Technology (B.Tech) in Computer Science and Engineering."
Java Developer,"Professional Profile: Java Developer Specialist.
Detail-oriented developer with continuous learning attitude and strong communication and teamwork abilities. Passionate problem solver dedicated to delivering high quality scalable software solutions.
Core Competencies and Technical Skills: spring, sql, postgresql, junit, docker.
Experience Summary: Working as a Senior Java Engineer building mission-critical services.
Key projects involved leveraging spring, sql, postgresql to optimize workflow efficiency.
Education: Bachelor of Technology (B.Tech) in Computer Science and Engineering."
Java Developer,"Professional Profile: Java Developer Specialist.
Contributed to enterprise digital transformation projects adhering to strict industry security standards. Demonstrated ability to troubleshoot mission critical production incidents and deliver timely resolutions.
Core Competencies and Technical Skills: microservices, maven, java, spring boot, rest api, kubernetes.
Experience Summary: Working as a Java Backend Developer building mission-critical services.
Key projects involved leveraging microservices, maven, java to optimize workflow efficiency.
Education: Bachelor of Technology (B.Tech) in Computer Science and Engineering."
Java Developer,"Professional Profile: Java Developer Specialist.
Contributed to enterprise digital transformation projects adhering to strict industry security standards. Demonstrated ability to troubleshoot mission critical production incidents and deliver timely resolutions.
Core Competencies and Technical Skills: spring, ci/cd, java, sql, postgresql, junit, rest api.
Experience Summary: Working as a Senior Java Engineer building mission-critical services.
Key projects involved leveraging spring, ci/cd, java to optimize workflow efficiency.
Education: Bachelor of Technology (B.Tech) in Computer Science and Engineering."
Java Developer,"Professional Profile: Java Developer Specialist.
Contributed to enterprise digital transformation projects adhering to strict industry security standards. Collaborated across cross-functional engineering teams to architect reliable cloud-native services. Successfully implemented automated workflows and modern development practices across multiple client projects.
Core Competencies and Technical Skills: data structures, java, junit, spring boot, oop.
Experience Summary: Working as a Core Java Software Engineer building mission-critical services.
Key projects involved leveraging data structures, java, junit to optimize workflow efficiency.
Education: Bachelor of Technology (B.Tech) in Computer Science and Engineering."
Java Developer,"Professional Profile: Java Developer Specialist.
Holds a Bachelor degree in Computer Science with a solid foundation in algorithms and system architecture. Contributed to enterprise digital transformation projects adhering to strict industry security standards. Experienced software professional with demonstrated history of working in enterprise technology.
Core Competencies and Technical Skills: ci/cd, java, sql, postgresql, kubernetes, docker.
Experience Summary: Working as a Senior Java Engineer building mission-critical services.
Key projects involved leveraging ci/cd, java, sql to optimize workflow efficiency.
Education: Bachelor of Technology (B.Tech) in Computer Science and Engineering."
Java Developer,"Professional Profile: Java Developer Specialist.
Experienced software professional with demonstrated history of working in enterprise technology. Passionate problem solver dedicated to delivering high quality scalable software solutions. Collaborated across cross-functional engineering teams to architect reliable cloud-native services. Detail-oriented developer with continuous learning attitude and strong communication and teamwork abilities.
Core Competencies and Technical Skills: microservices, java, hibernate, rest api, mysql.
Experience Summary: Working as a Java Backend Developer building mission-critical services.
Key projects involved leveraging microservices, java, hibernate to optimize workflow efficiency.
Education: Bachelor of Technology (B.Tech) in Computer Science and Engineering."
Java Developer,"Professional Profile: Java Developer Specialist.
Passionate problem solver dedicated to delivering high quality scalable software solutions. Experienced software professional with demonstrated history of working in enterprise technology. Strong engineering background with proven expertise in agile methodologies and clean code design. Contributed to enterprise digital transformation projects adhering to strict industry security standards.
Core Competencies and Technical Skills: microservices, git, redis, hibernate, spring boot, mysql.
Experience Summary: Working as a Java Backend Developer building mission-critical services.
Key projects involved leveraging microservices, git, redis to optimize workflow efficiency.
Education: Bachelor of Technology (B.Tech) in Computer Science and Engineering."
Java Developer,"Professional Profile: Java Developer Specialist.
Successfully implemented automated workflows and modern development practices across multiple client projects. Skilled in full life cycle development, system optimization, code reviews, and performance tuning. Collaborated across cross-functional engineering teams to architect reliable cloud-native services.
Core Competencies and Technical Skills: ci/cd, java, docker, sql, postgresql, kubernetes.
Experience Summary: Working as a Senior Java Engineer building mission-critical services.
Key projects involved leveraging ci/cd, java, docker to optimize workflow efficiency.
Education: Bachelor of Technology (B.Tech) in Computer Science and Engineering."
Java Developer,"Professional Profile: Java Developer Specialist.
Skilled in full life cycle development, system optimization, code reviews, and performance tuning. Experienced software professional with demonstrated history of working in enterprise technology. Collaborated across cross-functional engineering teams to architect reliable cloud-native services. Detail-oriented developer with continuous learning attitude and strong communication and teamwork abilities.
Core Competencies and Technical Skills: maven, kafka, java, redis, spring boot, algorithms, docker.
Experience Summary: Working as a Java Cloud Services Engineer building mission-critical services.
Key projects involved leveraging maven, kafka, java to optimize workflow efficiency.
Education: Bachelor of Technology (B.Tech) in Computer Science and Engineering."
Java Developer,"Professional Profile: Java Developer Specialist.
Experienced software professional with demonstrated history of working in enterprise technology. Detail-oriented developer with continuous learning attitude and strong communication and teamwork abilities.
Core Competencies and Technical Skills: data structures, java, git, junit, rest api, algorithms, oop.
Experience Summary: Working as a Core Java Software Engineer building mission-critical services.
Key projects involved leveraging data structures, java, git to optimize workflow efficiency.
Education: Bachelor of Technology (B.Tech) in Computer Science and Engineering."
Java Developer,"Professional Profile: Java Developer Specialist.
Successfully implemented automated workflows and modern development practices across multiple client projects. Experienced software professional with demonstrated history of working in enterprise technology.
Core Competencies and Technical Skills: microservices, maven, kafka, redis, git, spring boot, rest api.
Experience Summary: Working as a Java Cloud Services Engineer building mission-critical services.
Key projects involved leveraging microservices, maven, kafka to optimize workflow efficiency.
Education: Bachelor of Technology (B.Tech) in Computer Science and Engineering."
Web Designing,"Professional Profile: Web Designing Specialist.
Successfully implemented automated workflows and modern development practices across multiple client projects. Skilled in full life cycle development, system optimization, code reviews, and performance tuning. Passionate problem solver dedicated to delivering high quality scalable software solutions. Collaborated across cross-functional engineering teams to architect reliable cloud-native services.
Core Competencies and Technical Skills: javascript, git, next.js, react, html.
Experience Summary: Working as a Senior React Developer building mission-critical services.
Key projects involved leveraging javascript, git, next.js to optimize workflow efficiency.
Education: Bachelor of Technology (B.Tech) in Computer Science and Engineering."
Web Designing,"Professional Profile: Web Designing Specialist.
Successfully implemented automated workflows and modern development practices across multiple client projects. Passionate problem solver dedicated to delivering high quality scalable software solutions.
Core Competencies and Technical Skills: angular, git, responsive design, css, typescript.
Experience Summary: Working as a Angular UI Engineer building mission-critical services.
Key projects involved leveraging angular, git, responsive design to optimize workflow efficiency.
Education: Bachelor of Technology (B.Tech) in Computer Science and Engineering."
Web Designing,"Professional Profile: Web Designing Specialist.
Strong engineering background with proven expertise in agile methodologies and clean code design. Passionate problem solver dedicated to delivering high quality scalable software solutions. Demonstrated ability to troubleshoot mission critical production incidents and deliver timely resolutions.
Core Competencies and Technical Skills: javascript, responsive design, css, react, html, bootstrap.
Experience Summary: Working as a Frontend Web Developer building mission-critical services.
Key projects involved leveraging javascript, responsive design, css to optimize workflow efficiency.
Education: Bachelor of Technology (B.Tech) in Computer Science and Engineering."
Web Designing,"Professional Profile: Web Designing Specialist.
Collaborated across cross-functional engineering teams to architect reliable cloud-native services. Strong engineering background with proven expertise in agile methodologies and clean code design. Demonstrated ability to troubleshoot mission critical production incidents and deliver timely resolutions.
Core Competencies and Technical Skills: javascript, git, css, responsive design, typescript, html.
Experience Summary: Working as a Angular UI Engineer building mission-critical services.
Key projects involved leveraging javascript, git, css to optimize workflow efficiency.
Education: Bachelor of Technology (B.Tech) in Computer Science and Engineering."
Web Designing,"Professional Profile: Web Designing Specialist.
Contributed to enterprise digital transformation projects adhering to strict industry security standards. Holds a Bachelor degree in Computer Science with a solid foundation in algorithms and system architecture. Demonstrated ability to troubleshoot mission critical production incidents and deliver timely resolutions. Passionate problem solver dedicated to delivering high quality scalable software solutions.
Core Competencies and Technical Skills: vue, javascript, responsive design, css, react, webpack, tailwind css.
Experience Summary: Working as a Vue.js Web Designer building mission-critical services.
Key projects involved leveraging vue, javascript, responsive design to optimize workflow efficiency.
Education: Bachelor of Technology (B.Tech) in Computer Science and Engineering."
Web Designing,"Professional Profile: Web Designing Specialist.
Passionate problem solver dedicated to delivering high quality scalable software solutions. Skilled in full life cycle development, system optimization, code reviews, and performance tuning. Detail-oriented developer with continuous learning attitude and strong communication and teamwork abilities. Collaborated across cross-functional engineering teams to architect reliable cloud-native services.
Core Competencies and Technical Skills: angular, javascript, responsive design, git, typescript, rest api.
Experience Summary: Working as a Angular UI Engineer building mission-critical services.
Key projects involved leveraging angular, javascript, responsive design to optimize workflow efficiency.
Education: Bachelor of Technology (B.Tech) in Computer Science and Engineering."
Web Designing,"Professional Profile: Web Designing Specialist.
Contributed to enterprise digital transformation projects adhering to strict industry security standards. Demonstrated ability to troubleshoot mission critical production incidents and deliver timely resolutions.
Core Competencies and Technical Skills: bootstrap, javascript, tailwind css, html.
Experience Summary: Working as a Frontend Web Developer building mission-critical services.
Key projects involved leveraging bootstrap, javascript, tailwind css to optimize workflow efficiency.
Education: Bachelor of Technology (B.Tech) in Computer Science and Engineering."
Web Designing,"Professional Profile: Web Designing Specialist.
Experienced software professional with demonstrated history of working in enterprise technology. Detail-oriented developer with continuous learning attitude and strong communication and teamwork abilities.
Core Competencies and Technical Skills: javascript, next.js, react, typescript, webpack, html.
Experience Summary: Working as a Senior React Developer building mission-critical services.
Key projects involved leveraging javascript, next.js, react to optimize workflow efficiency.
Education: Bachelor of Technology (B.Tech) in Computer Science and Engineering."
Web Designing,"Professional Profile: Web Designing Specialist.
Detail-oriented developer with continuous learning attitude and strong communication and teamwork abilities. Contributed to enterprise digital transformation projects adhering to strict industry security standards. Strong engineering background with proven expertise in agile methodologies and clean code design. Demonstrated ability to troubleshoot mission critical production incidents and deliver timely resolutions.
Core Competencies and Technical Skills: javascript, git, css, typescript, html.
Experience Summary: Working as a Senior React Developer building mission-critical services.
Key projects involved leveraging javascript, git, css to optimize workflow efficiency.
Education: Bachelor of Technology (B.Tech) in Computer Science and Engineering."
Web Designing,"Professional Profile: Web Designing Specialist.
Passionate problem solver dedicated to delivering high quality scalable software solutions. Holds a Bachelor degree in Computer Science with a solid foundation in algorithms and system architecture. Contributed to enterprise digital transformation projects adhering to strict industry security standards.
Core Competencies and Technical Skills: javascript, responsive design, react, html, bootstrap.
Experience Summary: Working as a Frontend Web Developer building mission-critical services.
Key projects involved leveraging javascript, responsive design, react to optimize workflow efficiency.
Education: Bachelor of Technology (B.Tech) in Computer Science and Engineering."
Web Designing,"Professional Profile: Web Designing Specialist.
Strong engineering background with proven expertise in agile methodologies and clean code design. Holds a Bachelor degree in Computer Science with a solid foundation in algorithms and system architecture. Skilled in full life cycle development, system optimization, code reviews, and performance tuning. Demonstrated ability to troubleshoot mission critical production incidents and deliver timely resolutions.
Core Competencies and Technical Skills: javascript, git, css, responsive design, react, bootstrap.
Experience Summary: Working as a Frontend Web Developer building mission-critical services.
Key projects involved leveraging javascript, git, css to optimize workflow efficiency.
Education: Bachelor of Technology (B.Tech) in Computer Science and Engineering."
Web Designing,"Professional Profile: Web Designing Specialist.
Strong engineering background with proven expertise in agile methodologies and clean code design. Demonstrated ability to troubleshoot mission critical production incidents and deliver timely resolutions. Passionate problem solver dedicated to delivering high quality scalable software solutions.
Core Competencies and Technical Skills: angular, javascript, git, css, typescript, html.
Experience Summary: Working as a Angular UI Engineer building mission-critical services.
Key projects involved leveraging angular, javascript, git to optimize workflow efficiency.
Education: Bachelor of Technology (B.Tech) in Computer Science and Engineering."
Web Designing,"Professional Profile: Web Designing Specialist.
Holds a Bachelor degree in Computer Science with a solid foundation in algorithms and system architecture. Detail-oriented developer with continuous learning attitude and strong communication and teamwork abilities.
Core Competencies and Technical Skills: angular, javascript, git, responsive design, css, html.
Experience Summary: Working as a Angular UI Engineer building mission-critical services.
Key projects involved leveraging angular, javascript, git to optimize workflow efficiency.
Education: Bachelor of Technology (B.Tech) in Computer Science and Engineering."
Web Designing,"Professional Profile: Web Designing Specialist.
Demonstrated ability to troubleshoot mission critical production incidents and deliver timely resolutions. Experienced software professional with demonstrated history of working in enterprise technology. Holds a Bachelor degree in Computer Science with a solid foundation in algorithms and system architecture. Successfully implemented automated workflows and modern development practices across multiple client projects.
Core Competencies and Technical Skills: javascript, git, css, webpack, html, tailwind css.
Experience Summary: Working as a Frontend Web Developer building mission-critical services.
Key projects involved leveraging javascript, git, css to optimize workflow efficiency.
Education: Bachelor of Technology (B.Tech) in Computer Science and Engineering."
Web Designing,"Professional Profile: Web Designing Specialist.
Collaborated across cross-functional engineering teams to architect reliable cloud-native services. Detail-oriented developer with continuous learning attitude and strong communication and teamwork abilities. Skilled in full life cycle development, system optimization, code reviews, and performance tuning.
Core Competencies and Technical Skills: angular, javascript, responsive design, git, css, typescript, rest api.
Experience Summary: Working as a Angular UI Engineer building mission-critical services.
Key projects involved leveraging angular, javascript, responsive design to optimize workflow efficiency.
Education: Bachelor of Technology (B.Tech) in Computer Science and Engineering."
Web Designing,"Professional Profile: Web Designing Specialist.
Contributed to enterprise digital transformation projects adhering to strict industry security standards. Detail-oriented developer with continuous learning attitude and strong communication and teamwork abilities. Demonstrated ability to troubleshoot mission critical production incidents and deliver timely resolutions.
Core Competencies and Technical Skills: git, css, typescript, next.js, html, tailwind css.
Experience Summary: Working as a Senior React Developer building mission-critical services.
Key projects involved leveraging git, css, typescript to optimize workflow efficiency.
Education: Bachelor of Technology (B.Tech) in Computer Science and Engineering."
Web Designing,"Professional Profile: Web Designing Specialist.
Experienced software professional with demonstrated history of working in enterprise technology. Detail-oriented developer with continuous learning attitude and strong communication and teamwork abilities. Holds a Bachelor degree in Computer Science with a solid foundation in algorithms and system architecture.
Core Competencies and Technical Skills: angular, javascript, git, css, typescript, rest api, html.
Experience Summary: Working as a Angular UI Engineer building mission-critical services.
Key projects involved leveraging angular, javascript, git to optimize workflow efficiency.
Education: Bachelor of Technology (B.Tech) in Computer Science and Engineering."
Web Designing,"Professional Profile: Web Designing Specialist.
Demonstrated ability to troubleshoot mission critical production incidents and deliver timely resolutions. Strong engineering background with proven expertise in agile methodologies and clean code design. Successfully implemented automated workflows and modern development practices across multiple client projects.
Core Competencies and Technical Skills: angular, javascript, responsive design, css, git, html.
Experience Summary: Working as a Angular UI Engineer building mission-critical services.
Key projects involved leveraging angular, javascript, responsive design to optimize workflow efficiency.
Education: Bachelor of Technology (B.Tech) in Computer Science and Engineering."
Web Designing,"Professional Profile: Web Designing Specialist.
Holds a Bachelor degree in Computer Science with a solid foundation in algorithms and system architecture. Collaborated across cross-functional engineering teams to architect reliable cloud-native services. Successfully implemented automated workflows and modern development practices across multiple client projects. Experienced software professional with demonstrated history of working in enterprise technology.
Core Competencies and Technical Skills: javascript, git, typescript, react, html, bootstrap.
Experience Summary: Working as a Frontend Web Developer building mission-critical services.
Key projects involved leveraging javascript, git, typescript to optimize workflow efficiency.
Education: Bachelor of Technology (B.Tech) in Computer Science and Engineering."
Web Designing,"Professional Profile: Web Designing Specialist.
Detail-oriented developer with continuous learning attitude and strong communication and teamwork abilities. Strong engineering background with proven expertise in agile methodologies and clean code design. Contributed to enterprise digital transformation projects adhering to strict industry security standards.
Core Competencies and Technical Skills: javascript, git, css, rest api, html.
Experience Summary: Working as a Angular UI Engineer building mission-critical services.
Key projects involved leveraging javascript, git, css to optimize workflow efficiency.
Education: Bachelor of Technology (B.Tech) in Computer Science and Engineering."
Web Designing,"Professional Profile: Web Designing Specialist.
Contributed to enterprise digital transformation projects adhering to strict industry security standards. Demonstrated ability to troubleshoot mission critical production incidents and deliver timely resolutions. Successfully implemented automated workflows and modern development practices across multiple client projects. Experienced software professional with demonstrated history of working in enterprise technology.
Core Competencies and Technical Skills: javascript, git, css, webpack, rest api, html.
Experience Summary: Working as a Angular UI Engineer building mission-critical services.
Key projects involved leveraging javascript, git, css to optimize workflow efficiency.
Education: Bachelor of Technology (B.Tech) in Computer Science and Engineering."
Web Designing,"Professional Profile: Web Designing Specialist.
Passionate problem solver dedicated to delivering high quality scalable software solutions. Contributed to enterprise digital transformation projects adhering to strict industry security standards. Detail-oriented developer with continuous learning attitude and strong communication and teamwork abilities.
Core Competencies and Technical Skills: javascript, css, git, react, rest api, html, tailwind css.
Experience Summary: Working as a Frontend Web Developer building mission-critical services.
Key projects involved leveraging javascript, css, git to optimize workflow efficiency.
Education: Bachelor of Technology (B.Tech) in Computer Science and Engineering."
Web Designing,"Professional Profile: Web Designing Specialist.
Experienced software professional with demonstrated history of working in enterprise technology. Holds a Bachelor degree in Computer Science with a solid foundation in algorithms and system architecture. Collaborated across cross-functional engineering teams to architect reliable cloud-native services.
Core Competencies and Technical Skills: angular, javascript, git, responsive design, css, html.
Experience Summary: Working as a Angular UI Engineer building mission-critical services.
Key projects involved leveraging angular, javascript, git to optimize workflow efficiency.
Education: Bachelor of Technology (B.Tech) in Computer Science and Engineering."
Web Designing,"Professional Profile: Web Designing Specialist.
Demonstrated ability to troubleshoot mission critical production incidents and deliver timely resolutions. Contributed to enterprise digital transformation projects adhering to strict industry security standards. Experienced software professional with demonstrated history of working in enterprise technology. Collaborated across cross-functional engineering teams to architect reliable cloud-native services.
Core Competencies and Technical Skills: angular, javascript, git, responsive design, webpack, rest api, html.
Experience Summary: Working as a Angular UI Engineer building mission-critical services.
Key projects involved leveraging angular, javascript, git to optimize workflow efficiency.
Education: Bachelor of Technology (B.Tech) in Computer Science and Engineering."
Web Designing,"Professional Profile: Web Designing Specialist.
Holds a Bachelor degree in Computer Science with a solid foundation in algorithms and system architecture. Collaborated across cross-functional engineering teams to architect reliable cloud-native services.
Core Competencies and Technical Skills: vue, javascript, responsive design, git, html, tailwind css.
Experience Summary: Working as a Vue.js Web Designer building mission-critical services.
Key projects involved leveraging vue, javascript, responsive design to optimize workflow efficiency.
Education: Bachelor of Technology (B.Tech) in Computer Science and Engineering."
Web Designing,"Professional Profile: Web Designing Specialist.
Strong engineering background with proven expertise in agile methodologies and clean code design. Detail-oriented developer with continuous learning attitude and strong communication and teamwork abilities. Demonstrated ability to troubleshoot mission critical production incidents and deliver timely resolutions.
Core Competencies and Technical Skills: javascript, git, typescript, next.js, html, tailwind css.
Experience Summary: Working as a Senior React Developer building mission-critical services.
Key projects involved leveraging javascript, git, typescript to optimize workflow efficiency.
Education: Bachelor of Technology (B.Tech) in Computer Science and Engineering."
Web Designing,"Professional Profile: Web Designing Specialist.
Experienced software professional with demonstrated history of working in enterprise technology. Holds a Bachelor degree in Computer Science with a solid foundation in algorithms and system architecture.
Core Competencies and Technical Skills: javascript, git, responsive design, css, typescript, html.
Experience Summary: Working as a Angular UI Engineer building mission-critical services.
Key projects involved leveraging javascript, git, responsive design to optimize workflow efficiency.
Education: Bachelor of Technology (B.Tech) in Computer Science and Engineering."
Web Designing,"Professional Profile: Web Designing Specialist.
Holds a Bachelor degree in Computer Science with a solid foundation in algorithms and system architecture. Skilled in full life cycle development, system optimization, code reviews, and performance tuning.
Core Competencies and Technical Skills: javascript, responsive design, git, react, html, bootstrap, tailwind css.
Experience Summary: Working as a Frontend Web Developer building mission-critical services.
Key projects involved leveraging javascript, responsive design, git to optimize workflow efficiency.
Education: Bachelor of Technology (B.Tech) in Computer Science and Engineering."
Web Designing,"Professional Profile: Web Designing Specialist.
Detail-oriented developer with continuous learning attitude and strong communication and teamwork abilities. Contributed to enterprise digital transformation projects adhering to strict industry security standards.
Core Competencies and Technical Skills: angular, git, responsive design, typescript, rest api.
Experience Summary: Working as a Angular UI Engineer building mission-critical services.
Key projects involved leveraging angular, git, responsive design to optimize workflow efficiency.
Education: Bachelor of Technology (B.Tech) in Computer Science and Engineering."
Web Designing,"Professional Profile: Web Designing Specialist.
Demonstrated ability to troubleshoot mission critical production incidents and deliver timely resolutions. Skilled in full life cycle development, system optimization, code reviews, and performance tuning.
Core Competencies and Technical Skills: vue, responsive design, git, html, tailwind css.
Experience Summary: Working as a Vue.js Web Designer building mission-critical services.
Key projects involved leveraging vue, responsive design, git to optimize workflow efficiency.
Education: Bachelor of Technology (B.Tech) in Computer Science and Engineering."
Web Designing,"Professional Profile: Web Designing Specialist.
Strong engineering background with proven expertise in agile methodologies and clean code design. Detail-oriented developer with continuous learning attitude and strong communication and teamwork abilities. Holds a Bachelor degree in Computer Science with a solid foundation in algorithms and system architecture.
Core Competencies and Technical Skills: javascript, git, css, responsive design, next.js, tailwind css.
Experience Summary: Working as a Vue.js Web Designer building mission-critical services.
Key projects involved leveraging javascript, git, css to optimize workflow efficiency.
Education: Bachelor of Technology (B.Tech) in Computer Science and Engineering."
Web Designing,"Professional Profile: Web Designing Specialist.
Successfully implemented automated workflows and modern development practices across multiple client projects. Holds a Bachelor degree in Computer Science with a solid foundation in algorithms and system architecture. Strong engineering background with proven expertise in agile methodologies and clean code design. Experienced software professional with demonstrated history of working in enterprise technology.
Core Competencies and Technical Skills: javascript, responsive design, react, html, tailwind css.
Experience Summary: Working as a Frontend Web Developer building mission-critical services.
Key projects involved leveraging javascript, responsive design, react to optimize workflow efficiency.
Education: Bachelor of Technology (B.Tech) in Computer Science and Engineering."
Web Designing,"Professional Profile: Web Designing Specialist.
Successfully implemented automated workflows and modern development practices across multiple client projects. Experienced software professional with demonstrated history of working in enterprise technology. Strong engineering background with proven expertise in agile methodologies and clean code design.
Core Competencies and Technical Skills: responsive design, git, css, webpack, html.
Experience Summary: Working as a Vue.js Web Designer building mission-critical services.
Key projects involved leveraging responsive design, git, css to optimize workflow efficiency.
Education: Bachelor of Technology (B.Tech) in Computer Science and Engineering."
Web Designing,"Professional Profile: Web Designing Specialist.
Skilled in full life cycle development, system optimization, code reviews, and performance tuning. Collaborated across cross-functional engineering teams to architect reliable cloud-native services. Passionate problem solver dedicated to delivering high quality scalable software solutions.
Core Competencies and Technical Skills: javascript, responsive design, css, git, typescript, html.
Experience Summary: Working as a Angular UI Engineer building mission-critical services.
Key projects involved leveraging javascript, responsive design, css to optimize workflow efficiency.
Education: Bachelor of Technology (B.Tech) in Computer Science and Engineering."
Web Designing,"Professional Profile: Web Designing Specialist.
Skilled in full life cycle development, system optimization, code reviews, and performance tuning. Detail-oriented developer with continuous learning attitude and strong communication and teamwork abilities. Collaborated across cross-functional engineering teams to architect reliable cloud-native services.
Core Competencies and Technical Skills: vue, next.js, react, html, tailwind css.
Experience Summary: Working as a Senior React Developer building mission-critical services.
Key projects involved leveraging vue, next.js, react to optimize workflow efficiency.
Education: Bachelor of Technology (B.Tech) in Computer Science and Engineering."
Web Designing,"Professional Profile: Web Designing Specialist.
Passionate problem solver dedicated to delivering high quality scalable software solutions. Holds a Bachelor degree in Computer Science with a solid foundation in algorithms and system architecture. Demonstrated ability to troubleshoot mission critical production incidents and deliver timely resolutions.
Core Competencies and Technical Skills: javascript, responsive design, css, next.js, react, html, bootstrap, tailwind css.
Experience Summary: Working as a Frontend Web Developer building mission-critical services.
Key projects involved leveraging javascript, responsive design, css to optimize workflow efficiency.
Education: Bachelor of Technology (B.Tech) in Computer Science and Engineering."
Web Designing,"Professional Profile: Web Designing Specialist.
Strong engineering background with proven expertise in agile methodologies and clean code design. Collaborated across cross-functional engineering teams to architect reliable cloud-native services.
Core Competencies and Technical Skills: angular, javascript, git, css, responsive design, typescript.
Experience Summary: Working as a Angular UI Engineer building mission-critical services.
Key projects involved leveraging angular, javascript, git to optimize workflow efficiency.
Education: Bachelor of Technology (B.Tech) in Computer Science and Engineering."
Web Designing,"Professional Profile: Web Designing Specialist.
Contributed to enterprise digital transformation projects adhering to strict industry security standards. Passionate problem solver dedicated to delivering high quality scalable software solutions.
Core Competencies and Technical Skills: javascript, css, next.js, typescript, webpack, html, tailwind css.
Experience Summary: Working as a Senior React Developer building mission-critical services.
Key projects involved leveraging javascript, css, next.js to optimize workflow efficiency.
Education: Bachelor of Technology (B.Tech) in Computer Science and Engineering."
Web Designing,"Professional Profile: Web Designing Specialist.
Contributed to enterprise digital transformation projects adhering to strict industry security standards. Passionate problem solver dedicated to delivering high quality scalable software solutions. Strong engineering background with proven expertise in agile methodologies and clean code design.
Core Competencies and Technical Skills: bootstrap, react, tailwind css, git.
Experience Summary: Working as a Frontend Web Developer building mission-critical services.
Key projects involved leveraging bootstrap, react, tailwind css to optimize workflow efficiency.
Education: Bachelor of Technology (B.Tech) in Computer Science and Engineering."
Web Designing,"Professional Profile: Web Designing Specialist.
Demonstrated ability to troubleshoot mission critical production incidents and deliver timely resolutions. Experienced software professional with demonstrated history of working in enterprise technology. Passionate problem solver dedicated to delivering high quality scalable software solutions.
Core Competencies and Technical Skills: javascript, css, typescript, react, next.js, html, tailwind css.
Experience Summary: Working as a Senior React Developer building mission-critical services.
Key projects involved leveraging javascript, css, typescript to optimize workflow efficiency.
Education: Bachelor of Technology (B.Tech) in Computer Science and Engineering."
DevOps Engineer,"Professional Profile: DevOps Engineer Specialist.
Passionate problem solver dedicated to delivering high quality scalable software solutions. Skilled in full life cycle development, system optimization, code reviews, and performance tuning. Collaborated across cross-functional engineering teams to architect reliable cloud-native services.
Core Competencies and Technical Skills: ci/cd, powershell, kubernetes, ansible, docker, terraform, bash.
Experience Summary: Working as a Azure DevOps Specialist building mission-critical services.
Key projects involved leveraging ci/cd, powershell, kubernetes to optimize workflow efficiency.
Education: Bachelor of Technology (B.Tech) in Computer Science and Engineering."
DevOps Engineer,"Professional Profile: DevOps Engineer Specialist.
Contributed to enterprise digital transformation projects adhering to strict industry security standards. Holds a Bachelor degree in Computer Science with a solid foundation in algorithms and system architecture.
Core Competencies and Technical Skills: powershell, git, kubernetes, ansible, azure, docker, terraform.
Experience Summary: Working as a Azure DevOps Specialist building mission-critical services.
Key projects involved leveraging powershell, git, kubernetes to optimize workflow efficiency.
Education: Bachelor of Technology (B.Tech) in Computer Science and Engineering."
DevOps Engineer,"Professional Profile: DevOps Engineer Specialist.
Collaborated across cross-functional engineering teams to architect reliable cloud-native services. Successfully implemented automated workflows and modern development practices across multiple client projects. Experienced software professional with demonstrated history of working in enterprise technology. Contributed to enterprise digital transformation projects adhering to strict industry security standards.
Core Competencies and Technical Skills: powershell, docker, git, monitoring, ansible, azure, kubernetes.
Experience Summary: Working as a Azure DevOps Specialist building mission-critical services.
Key projects involved leveraging powershell, docker, git to optimize workflow efficiency.
Education: Bachelor of Technology (B.Tech) in Computer Science and Engineering."
DevOps Engineer,"Professional Profile: DevOps Engineer Specialist.
Experienced software professional with demonstrated history of working in enterprise technology. Strong engineering background with proven expertise in agile methodologies and clean code design.
Core Competencies and Technical Skills: ci/cd, linux, cloud computing, git, docker, terraform.
Experience Summary: Working as a AWS Cloud Architect building mission-critical services.
Key projects involved leveraging ci/cd, linux, cloud computing to optimize workflow efficiency.
Education: Bachelor of Technology (B.Tech) in Computer Science and Engineering."
DevOps Engineer,"Professional Profile: DevOps Engineer Specialist.
Holds a Bachelor degree in Computer Science with a solid foundation in algorithms and system architecture. Contributed to enterprise digital transformation projects adhering to strict industry security standards. Successfully implemented automated workflows and modern development practices across multiple client projects. Passionate problem solver dedicated to delivering high quality scalable software solutions.
Core Competencies and Technical Skills: ci/cd, git, ansible, kubernetes, terraform.
Experience Summary: Working as a Azure DevOps Specialist building mission-critical services.
Key projects involved leveraging ci/cd, git, ansible to optimize workflow efficiency.
Education: Bachelor of Technology (B.Tech) in Computer Science and Engineering."
DevOps Engineer,"Professional Profile: DevOps Engineer Specialist.
Experienced software professional with demonstrated history of working in enterprise technology. Skilled in full life cycle development, system optimization, code reviews, and performance tuning.
Core Competencies and Technical Skills: ci/cd, powershell, git, ansible, azure, kubernetes, terraform.
Experience Summary: Working as a Azure DevOps Specialist building mission-critical services.
Key projects involved leveraging ci/cd, powershell, git to optimize workflow efficiency.
Education: Bachelor of Technology (B.Tech) in Computer Science and Engineering."
DevOps Engineer,"Professional Profile: DevOps Engineer Specialist.
Detail-oriented developer with continuous learning attitude and strong communication and teamwork abilities. Skilled in full life cycle development, system optimization, code reviews, and performance tuning. Contributed to enterprise digital transformation projects adhering to strict industry security standards.
Core Competencies and Technical Skills: ci/cd, powershell, git, ansible, azure, docker, terraform, bash.
Experience Summary: Working as a Azure DevOps Specialist building mission-critical services.
Key projects involved leveraging ci/cd, powershell, git to optimize workflow efficiency.
Education: Bachelor of Technology (B.Tech) in Computer Science and Engineering."
DevOps Engineer,"Professional Profile: DevOps Engineer Specialist.
Experienced software professional with demonstrated history of working in enterprise technology. Contributed to enterprise digital transformation projects adhering to strict industry security standards. Skilled in full life cycle development, system optimization, code reviews, and performance tuning.
Core Competencies and Technical Skills: ci/cd, kubernetes, bash, prometheus.
Experience Summary: Working as a Site Reliability Engineer building mission-critical services.
Key projects involved leveraging ci/cd, kubernetes, bash to optimize workflow efficiency.
Education: Bachelor of Technology (B.Tech) in Computer Science and Engineering."
DevOps Engineer,"Professional Profile: DevOps Engineer Specialist.
Holds a Bachelor degree in Computer Science with a solid foundation in algorithms and system architecture. Successfully implemented automated workflows and modern development practices across multiple client projects. Contributed to enterprise digital transformation projects adhering to strict industry security standards. Experienced software professional with demonstrated history of working in enterprise technology.
Core Competencies and Technical Skills: docker, git, monitoring, ansible, azure, kubernetes.
Experience Summary: Working as a Azure DevOps Specialist building mission-critical services.
Key projects involved leveraging docker, git, monitoring to optimize workflow efficiency.
Education: Bachelor of Technology (B.Tech) in Computer Science and Engineering."
DevOps Engineer,"Professional Profile: DevOps Engineer Specialist.
Demonstrated ability to troubleshoot mission critical production incidents and deliver timely resolutions. Skilled in full life cycle development, system optimization, code reviews, and performance tuning. Passionate problem solver dedicated to delivering high quality scalable software solutions.
Core Competencies and Technical Skills: ci/cd, linux, docker, prometheus, kubernetes.
Experience Summary: Working as a Site Reliability Engineer building mission-critical services.
Key projects involved leveraging ci/cd, linux, docker to optimize workflow efficiency.
Education: Bachelor of Technology (B.Tech) in Computer Science and Engineering."
DevOps Engineer,"Professional Profile: DevOps Engineer Specialist.
Demonstrated ability to troubleshoot mission critical production incidents and deliver timely resolutions. Successfully implemented automated workflows and modern development practices across multiple client projects. Experienced software professional with demonstrated history of working in enterprise technology. Detail-oriented developer with continuous learning attitude and strong communication and teamwork abilities.
Core Competencies and Technical Skills: ci/cd, aws, cloud computing, jenkins, kubernetes, terraform.
Experience Summary: Working as a Cloud DevOps Engineer building mission-critical services.
Key projects involved leveraging ci/cd, aws, cloud computing to optimize workflow efficiency.
Education: Bachelor of Technology (B.Tech) in Computer Science and Engineering."
DevOps Engineer,"Professional Profile: DevOps Engineer Specialist.
Holds a Bachelor degree in Computer Science with a solid foundation in algorithms and system architecture. Contributed to enterprise digital transformation projects adhering to strict industry security standards.
Core Competencies and Technical Skills: ci/cd, monitoring, prometheus, kubernetes, bash.
Experience Summary: Working as a Site Reliability Engineer building mission-critical services.
Key projects involved leveraging ci/cd, monitoring, prometheus to optimize workflow efficiency.
Education: Bachelor of Technology (B.Tech) in Computer Science and Engineering."
DevOps Engineer,"Professional Profile: DevOps Engineer Specialist.
Experienced software professional with demonstrated history of working in enterprise technology. Holds a Bachelor degree in Computer Science with a solid foundation in algorithms and system architecture. Demonstrated ability to troubleshoot mission critical production incidents and deliver timely resolutions.
Core Competencies and Technical Skills: ci/cd, grafana, jenkins, kubernetes, prometheus, docker.
Experience Summary: Working as a Site Reliability Engineer building mission-critical services.
Key projects involved leveraging ci/cd, grafana, jenkins to optimize workflow efficiency.
Education: Bachelor of Technology (B.Tech) in Computer Science and Engineering."
DevOps Engineer,"Professional Profile: DevOps Engineer Specialist.
Experienced software professional with demonstrated history of working in enterprise technology. Detail-oriented developer with continuous learning attitude and strong communication and teamwork abilities. Strong engineering background with proven expertise in agile methodologies and clean code design. Skilled in full life cycle development, system optimization, code reviews, and performance tuning.
Core Competencies and Technical Skills: ci/cd, linux, git, kubernetes, prometheus, docker, bash.
Experience Summary: Working as a Site Reliability Engineer building mission-critical services.
Key projects involved leveraging ci/cd, linux, git to optimize workflow efficiency.
Education: Bachelor of Technology (B.Tech) in Computer Science and Engineering."
DevOps Engineer,"Professional Profile: DevOps Engineer Specialist.
Experienced software professional with demonstrated history of working in enterprise technology. Detail-oriented developer with continuous learning attitude and strong communication and teamwork abilities.
Core Competencies and Technical Skills: linux, aws, python, cloud computing, git, terraform.
Experience Summary: Working as a AWS Cloud Architect building mission-critical services.
Key projects involved leveraging linux, aws, python to optimize workflow efficiency.
Education: Bachelor of Technology (B.Tech) in Computer Science and Engineering."
DevOps Engineer,"Professional Profile: DevOps Engineer Specialist.
Experienced software professional with demonstrated history of working in enterprise technology. Strong engineering background with proven expertise in agile methodologies and clean code design. Collaborated across cross-functional engineering teams to architect reliable cloud-native services. Skilled in full life cycle development, system optimization, code reviews, and performance tuning.
Core Competencies and Technical Skills: ci/cd, powershell, ansible, kubernetes, terraform.
Experience Summary: Working as a Azure DevOps Specialist building mission-critical services.
Key projects involved leveraging ci/cd, powershell, ansible to optimize workflow efficiency.
Education: Bachelor of Technology (B.Tech) in Computer Science and Engineering."
DevOps Engineer,"Professional Profile: DevOps Engineer Specialist.
Holds a Bachelor degree in Computer Science with a solid foundation in algorithms and system architecture. Skilled in full life cycle development, system optimization, code reviews, and performance tuning. Detail-oriented developer with continuous learning attitude and strong communication and teamwork abilities. Passionate problem solver dedicated to delivering high quality scalable software solutions.
Core Competencies and Technical Skills: ci/cd, python, cloud computing, kubernetes, docker, terraform.
Experience Summary: Working as a AWS Cloud Architect building mission-critical services.
Key projects involved leveraging ci/cd, python, cloud computing to optimize workflow efficiency.
Education: Bachelor of Technology (B.Tech) in Computer Science and Engineering."
DevOps Engineer,"Professional Profile: DevOps Engineer Specialist.
Detail-oriented developer with continuous learning attitude and strong communication and teamwork abilities. Holds a Bachelor degree in Computer Science with a solid foundation in algorithms and system architecture. Skilled in full life cycle development, system optimization, code reviews, and performance tuning.
Core Competencies and Technical Skills: ci/cd, aws, linux, docker, git, jenkins, kubernetes, terraform.
Experience Summary: Working as a Cloud DevOps Engineer building mission-critical services.
Key projects involved leveraging ci/cd, aws, linux to optimize workflow efficiency.
Education: Bachelor of Technology (B.Tech) in Computer Science and Engineering."
DevOps Engineer,"Professional Profile: DevOps Engineer Specialist.
Passionate problem solver dedicated to delivering high quality scalable software solutions. Holds a Bachelor degree in Computer Science with a solid foundation in algorithms and system architecture. Detail-oriented developer with continuous learning attitude and strong communication and teamwork abilities. Demonstrated ability to troubleshoot mission critical production incidents and deliver timely resolutions.
Core Competencies and Technical Skills: linux, aws, jenkins, kubernetes, terraform.
Experience Summary: Working as a Cloud DevOps Engineer building mission-critical services.
Key projects involved leveraging linux, aws, jenkins to optimize workflow efficiency.
Education: Bachelor of Technology (B.Tech) in Computer Science and Engineering."
DevOps Engineer,"Professional Profile: DevOps Engineer Specialist.
Passionate problem solver dedicated to delivering high quality scalable software solutions. Collaborated across cross-functional engineering teams to architect reliable cloud-native services.
Core Competencies and Technical Skills: powershell, git, monitoring, ansible, docker, terraform.
Experience Summary: Working as a Azure DevOps Specialist building mission-critical services.
Key projects involved leveraging powershell, git, monitoring to optimize workflow efficiency.
Education: Bachelor of Technology (B.Tech) in Computer Science and Engineering."
DevOps Engineer,"Professional Profile: DevOps Engineer Specialist.
Strong engineering background with proven expertise in agile methodologies and clean code design. Experienced software professional with demonstrated history of working in enterprise technology.
Core Competencies and Technical Skills: ci/cd, linux, aws, cloud computing, docker, terraform.
Experience Summary: Working as a AWS Cloud Architect building mission-critical services.
Key projects involved leveraging ci/cd, linux, aws to optimize workflow efficiency.
Education: Bachelor of Technology (B.Tech) in Computer Science and Engineering."
DevOps Engineer,"Professional Profile: DevOps Engineer Specialist.
Skilled in full life cycle development, system optimization, code reviews, and performance tuning. Experienced software professional with demonstrated history of working in enterprise technology. Passionate problem solver dedicated to delivering high quality scalable software solutions.
Core Competencies and Technical Skills: ci/cd, linux, grafana, monitoring, jenkins, prometheus, kubernetes, docker.
Experience Summary: Working as a Site Reliability Engineer building mission-critical services.
Key projects involved leveraging ci/cd, linux, grafana to optimize workflow efficiency.
Education: Bachelor of Technology (B.Tech) in Computer Science and Engineering."
DevOps Engineer,"Professional Profile: DevOps Engineer Specialist.
Successfully implemented automated workflows and modern development practices across multiple client projects. Detail-oriented developer with continuous learning attitude and strong communication and teamwork abilities.
Core Competencies and Technical Skills: ci/cd, grafana, git, kubernetes, azure, docker, terraform.
Experience Summary: Working as a Azure DevOps Specialist building mission-critical services.
Key projects involved leveraging ci/cd, grafana, git to optimize workflow efficiency.
Education: Bachelor of Technology (B.Tech) in Computer Science and Engineering."
DevOps Engineer,"Professional Profile: DevOps Engineer Specialist.
Detail-oriented developer with continuous learning attitude and strong communication and teamwork abilities. Demonstrated ability to troubleshoot mission critical production incidents and deliver timely resolutions. Contributed to enterprise digital transformation projects adhering to strict industry security standards.
Core Competencies and Technical Skills: powershell, kubernetes, ansible, azure, docker.
Experience Summary: Working as a Azure DevOps Specialist building mission-critical services.
Key projects involved leveraging powershell, kubernetes, ansible to optimize workflow efficiency.
Education: Bachelor of Technology (B.Tech) in Computer Science and Engineering."
DevOps Engineer,"Professional Profile: DevOps Engineer Specialist.
Detail-oriented developer with continuous learning attitude and strong communication and teamwork abilities. Skilled in full life cycle development, system optimization, code reviews, and performance tuning.
Core Competencies and Technical Skills: ci/cd, powershell, git, ansible, kubernetes, azure, docker.
Experience Summary: Working as a Azure DevOps Specialist building mission-critical services.
Key projects involved leveraging ci/cd, powershell, git to optimize workflow efficiency.
Education: Bachelor of Technology (B.Tech) in Computer Science and Engineering."
DevOps Engineer,"Professional Profile: DevOps Engineer Specialist.
Demonstrated ability to troubleshoot mission critical production incidents and deliver timely resolutions. Holds a Bachelor degree in Computer Science with a solid foundation in algorithms and system architecture. Passionate problem solver dedicated to delivering high quality scalable software solutions.
Core Competencies and Technical Skills: powershell, git, ansible, azure, kubernetes, terraform.
Experience Summary: Working as a Azure DevOps Specialist building mission-critical services.
Key projects involved leveraging powershell, git, ansible to optimize workflow efficiency.
Education: Bachelor of Technology (B.Tech) in Computer Science and Engineering."
DevOps Engineer,"Professional Profile: DevOps Engineer Specialist.
Successfully implemented automated workflows and modern development practices across multiple client projects. Collaborated across cross-functional engineering teams to architect reliable cloud-native services. Detail-oriented developer with continuous learning attitude and strong communication and teamwork abilities.
Core Competencies and Technical Skills: ci/cd, python, cloud computing, git, docker, terraform.
Experience Summary: Working as a AWS Cloud Architect building mission-critical services.
Key projects involved leveraging ci/cd, python, cloud computing to optimize workflow efficiency.
Education: Bachelor of Technology (B.Tech) in Computer Science and Engineering."
DevOps Engineer,"Professional Profile: DevOps Engineer Specialist.
Passionate problem solver dedicated to delivering high quality scalable software solutions. Detail-oriented developer with continuous learning attitude and strong communication and teamwork abilities.
Core Competencies and Technical Skills: docker, git, ansible, azure, kubernetes, terraform.
Experience Summary: Working as a Azure DevOps Specialist building mission-critical services.
Key projects involved leveraging docker, git, ansible to optimize workflow efficiency.
Education: Bachelor of Technology (B.Tech) in Computer Science and Engineering."
DevOps Engineer,"Professional Profile: DevOps Engineer Specialist.
Contributed to enterprise digital transformation projects adhering to strict industry security standards. Collaborated across cross-functional engineering teams to architect reliable cloud-native services. Demonstrated ability to troubleshoot mission critical production incidents and deliver timely resolutions.
Core Competencies and Technical Skills: ci/cd, linux, monitoring, jenkins, prometheus, docker.
Experience Summary: Working as a Site Reliability Engineer building mission-critical services.
Key projects involved leveraging ci/cd, linux, monitoring to optimize workflow efficiency.
Education: Bachelor of Technology (B.Tech) in Computer Science and Engineering."
DevOps Engineer,"Professional Profile: DevOps Engineer Specialist.
Contributed to enterprise digital transformation projects adhering to strict industry security standards. Passionate problem solver dedicated to delivering high quality scalable software solutions.
Core Competencies and Technical Skills: ci/cd, powershell, cloud computing, git, ansible, kubernetes, docker, terraform.
Experience Summary: Working as a Azure DevOps Specialist building mission-critical services.
Key projects involved leveraging ci/cd, powershell, cloud computing to optimize workflow efficiency.
Education: Bachelor of Technology (B.Tech) in Computer Science and Engineering."
DevOps Engineer,"Professional Profile: DevOps Engineer Specialist.
Demonstrated ability to troubleshoot mission critical production incidents and deliver timely resolutions. Strong engineering background with proven expertise in agile methodologies and clean code design. Contributed to enterprise digital transformation projects adhering to strict industry security standards. Detail-oriented developer with continuous learning attitude and strong communication and teamwork abilities.
Core Competencies and Technical Skills: ci/cd, linux, aws, cloud computing, git, jenkins, docker.
Experience Summary: Working as a Cloud DevOps Engineer building mission-critical services.
Key projects involved leveraging ci/cd, linux, aws to optimize workflow efficiency.
Education: Bachelor of Technology (B.Tech) in Computer Science and Engineering."
DevOps Engineer,"Professional Profile: DevOps Engineer Specialist.
Detail-oriented developer with continuous learning attitude and strong communication and teamwork abilities. Strong engineering background with proven expertise in agile methodologies and clean code design.
Core Competencies and Technical Skills: linux, git, jenkins, kubernetes, docker, terraform.
Experience Summary: Working as a Cloud DevOps Engineer building mission-critical services.
Key projects involved leveraging linux, git, jenkins to optimize workflow efficiency.
Education: Bachelor of Technology (B.Tech) in Computer Science and Engineering."
DevOps Engineer,"Professional Profile: DevOps Engineer Specialist.
Skilled in full life cycle development, system optimization, code reviews, and performance tuning. Experienced software professional with demonstrated history of working in enterprise technology. Collaborated across cross-functional engineering teams to architect reliable cloud-native services.
Core Competencies and Technical Skills: ci/cd, linux, grafana, docker, prometheus, kubernetes.
Experience Summary: Working as a Site Reliability Engineer building mission-critical services.
Key projects involved leveraging ci/cd, linux, grafana to optimize workflow efficiency.
Education: Bachelor of Technology (B.Tech) in Computer Science and Engineering."
DevOps Engineer,"Professional Profile: DevOps Engineer Specialist.
Skilled in full life cycle development, system optimization, code reviews, and performance tuning. Successfully implemented automated workflows and modern development practices across multiple client projects.
Core Competencies and Technical Skills: ci/cd, aws, linux, git, docker, terraform.
Experience Summary: Working as a Cloud DevOps Engineer building mission-critical services.
Key projects involved leveraging ci/cd, aws, linux to optimize workflow efficiency.
Education: Bachelor of Technology (B.Tech) in Computer Science and Engineering."
DevOps Engineer,"Professional Profile: DevOps Engineer Specialist.
Successfully implemented automated workflows and modern development practices across multiple client projects. Contributed to enterprise digital transformation projects adhering to strict industry security standards. Passionate problem solver dedicated to delivering high quality scalable software solutions.
Core Competencies and Technical Skills: aws, linux, git, jenkins, azure, terraform.
Experience Summary: Working as a Cloud DevOps Engineer building mission-critical services.
Key projects involved leveraging aws, linux, git to optimize workflow efficiency.
Education: Bachelor of Technology (B.Tech) in Computer Science and Engineering."
DevOps Engineer,"Professional Profile: DevOps Engineer Specialist.
Collaborated across cross-functional engineering teams to architect reliable cloud-native services. Experienced software professional with demonstrated history of working in enterprise technology.
Core Competencies and Technical Skills: linux, aws, python, cloud computing, git, terraform.
Experience Summary: Working as a AWS Cloud Architect building mission-critical services.
Key projects involved leveraging linux, aws, python to optimize workflow efficiency.
Education: Bachelor of Technology (B.Tech) in Computer Science and Engineering."
DevOps Engineer,"Professional Profile: DevOps Engineer Specialist.
Collaborated across cross-functional engineering teams to architect reliable cloud-native services. Detail-oriented developer with continuous learning attitude and strong communication and teamwork abilities.
Core Competencies and Technical Skills: ci/cd, linux, python, git, docker, terraform.
Experience Summary: Working as a AWS Cloud Architect building mission-critical services.
Key projects involved leveraging ci/cd, linux, python to optimize workflow efficiency.
Education: Bachelor of Technology (B.Tech) in Computer Science and Engineering."
DevOps Engineer,"Professional Profile: DevOps Engineer Specialist.
Experienced software professional with demonstrated history of working in enterprise technology. Collaborated across cross-functional engineering teams to architect reliable cloud-native services. Demonstrated ability to troubleshoot mission critical production incidents and deliver timely resolutions. Contributed to enterprise digital transformation projects adhering to strict industry security standards.
Core Competencies and Technical Skills: ci/cd, linux, grafana, monitoring, prometheus, bash.
Experience Summary: Working as a Site Reliability Engineer building mission-critical services.
Key projects involved leveraging ci/cd, linux, grafana to optimize workflow efficiency.
Education: Bachelor of Technology (B.Tech) in Computer Science and Engineering."
DevOps Engineer,"Professional Profile: DevOps Engineer Specialist.
Collaborated across cross-functional engineering teams to architect reliable cloud-native services. Demonstrated ability to troubleshoot mission critical production incidents and deliver timely resolutions. Contributed to enterprise digital transformation projects adhering to strict industry security standards.
Core Competencies and Technical Skills: ci/cd, aws, python, cloud computing, azure, docker.
Experience Summary: Working as a AWS Cloud Architect building mission-critical services.
Key projects involved leveraging ci/cd, aws, python to optimize workflow efficiency.
Education: Bachelor of Technology (B.Tech) in Computer Science and Engineering."
DevOps Engineer,"Professional Profile: DevOps Engineer Specialist.
Skilled in full life cycle development, system optimization, code reviews, and performance tuning. Strong engineering background with proven expertise in agile methodologies and clean code design.
Core Competencies and Technical Skills: ci/cd, linux, monitoring, prometheus, kubernetes, docker, bash.
Experience Summary: Working as a Site Reliability Engineer building mission-critical services.
Key projects involved leveraging ci/cd, linux, monitoring to optimize workflow efficiency.
Education: Bachelor of Technology (B.Tech) in Computer Science and Engineering."
Database,"Professional Profile: Database Specialist.
Detail-oriented developer with continuous learning attitude and strong communication and teamwork abilities. Experienced software professional with demonstrated history of working in enterprise technology. Holds a Bachelor degree in Computer Science with a solid foundation in algorithms and system architecture. Contributed to enterprise digital transformation projects adhering to strict industry security standards.
Core Competencies and Technical Skills: linux, python, data modeling, sql, database administration, performance optimization, bash.
Experience Summary: Working as a Oracle Database Administrator building mission-critical services.
Key projects involved leveraging linux, python, data modeling to optimize workflow efficiency.
Education: Bachelor of Technology (B.Tech) in Computer Science and Engineering."
Database,"Professional Profile: Database Specialist.
Detail-oriented developer with continuous learning attitude and strong communication and teamwork abilities. Collaborated across cross-functional engineering teams to architect reliable cloud-native services. Demonstrated ability to troubleshoot mission critical production incidents and deliver timely resolutions. Strong engineering background with proven expertise in agile methodologies and clean code design.
Core Competencies and Technical Skills: linux, python, database administration, cassandra, mongodb, docker.
Experience Summary: Working as a NoSQL Database Engineer building mission-critical services.
Key projects involved leveraging linux, python, database administration to optimize workflow efficiency.
Education: Bachelor of Technology (B.Tech) in Computer Science and Engineering."
Database,"Professional Profile: Database Specialist.
Collaborated across cross-functional engineering teams to architect reliable cloud-native services. Skilled in full life cycle development, system optimization, code reviews, and performance tuning. Contributed to enterprise digital transformation projects adhering to strict industry security standards.
Core Competencies and Technical Skills: bigquery, python, data engineering, sql, snowflake, bash, etl.
Experience Summary: Working as a Data Warehouse Administrator building mission-critical services.
Key projects involved leveraging bigquery, python, data engineering to optimize workflow efficiency.
Education: Bachelor of Technology (B.Tech) in Computer Science and Engineering."
Database,"Professional Profile: Database Specialist.
Contributed to enterprise digital transformation projects adhering to strict industry security standards. Experienced software professional with demonstrated history of working in enterprise technology. Passionate problem solver dedicated to delivering high quality scalable software solutions.
Core Competencies and Technical Skills: redis, cassandra, mongodb, docker, nosql.
Experience Summary: Working as a NoSQL Database Engineer building mission-critical services.
Key projects involved leveraging redis, cassandra, mongodb to optimize workflow efficiency.
Education: Bachelor of Technology (B.Tech) in Computer Science and Engineering."
Database,"Professional Profile: Database Specialist.
Collaborated across cross-functional engineering teams to architect reliable cloud-native services. Passionate problem solver dedicated to delivering high quality scalable software solutions.
Core Competencies and Technical Skills: bigquery, linux, data modeling, snowflake, airflow, etl.
Experience Summary: Working as a Data Warehouse Administrator building mission-critical services.
Key projects involved leveraging bigquery, linux, data modeling to optimize workflow efficiency.
Education: Bachelor of Technology (B.Tech) in Computer Science and Engineering."
Database,"Professional Profile: Database Specialist.
Skilled in full life cycle development, system optimization, code reviews, and performance tuning. Successfully implemented automated workflows and modern development practices across multiple client projects. Detail-oriented developer with continuous learning attitude and strong communication and teamwork abilities.
Core Competencies and Technical Skills: linux, data modeling, sql, postgresql, database administration, performance optimization, etl.
Experience Summary: Working as a PostgreSQL Database Administrator building mission-critical services.
Key projects involved leveraging linux, data modeling, sql to optimize workflow efficiency.
Education: Bachelor of Technology (B.Tech) in Computer Science and Engineering."
Database,"Professional Profile: Database Specialist.
Detail-oriented developer with continuous learning attitude and strong communication and teamwork abilities. Holds a Bachelor degree in Computer Science with a solid foundation in algorithms and system architecture. Collaborated across cross-functional engineering teams to architect reliable cloud-native services. Strong engineering background with proven expertise in agile methodologies and clean code design.
Core Competencies and Technical Skills: python, oracle, data modeling, database administration, performance optimization, bash.
Experience Summary: Working as a Oracle Database Administrator building mission-critical services.
Key projects involved leveraging python, oracle, data modeling to optimize workflow efficiency.
Education: Bachelor of Technology (B.Tech) in Computer Science and Engineering."
Database,"Professional Profile: Database Specialist.
Contributed to enterprise digital transformation projects adhering to strict industry security standards. Successfully implemented automated workflows and modern development practices across multiple client projects. Skilled in full life cycle development, system optimization, code reviews, and performance tuning. Passionate problem solver dedicated to delivering high quality scalable software solutions.
Core Competencies and Technical Skills: data modeling, data engineering, sql, airflow, snowflake.
Experience Summary: Working as a Data Warehouse Administrator building mission-critical services.
Key projects involved leveraging data modeling, data engineering, sql to optimize workflow efficiency.
Education: Bachelor of Technology (B.Tech) in Computer Science and Engineering."
Database,"Professional Profile: Database Specialist.
Detail-oriented developer with continuous learning attitude and strong communication and teamwork abilities. Contributed to enterprise digital transformation projects adhering to strict industry security standards. Demonstrated ability to troubleshoot mission critical production incidents and deliver timely resolutions.
Core Competencies and Technical Skills: linux, python, oracle, data modeling, snowflake, performance optimization.
Experience Summary: Working as a Oracle Database Administrator building mission-critical services.
Key projects involved leveraging linux, python, oracle to optimize workflow efficiency.
Education: Bachelor of Technology (B.Tech) in Computer Science and Engineering."
Database,"Professional Profile: Database Specialist.
Experienced software professional with demonstrated history of working in enterprise technology. Demonstrated ability to troubleshoot mission critical production incidents and deliver timely resolutions. Contributed to enterprise digital transformation projects adhering to strict industry security standards. Successfully implemented automated workflows and modern development practices across multiple client projects.
Core Competencies and Technical Skills: data modeling, database administration, postgresql, performance optimization, etl.
Experience Summary: Working as a PostgreSQL Database Administrator building mission-critical services.
Key projects involved leveraging data modeling, database administration, postgresql to optimize workflow efficiency.
Education: Bachelor of Technology (B.Tech) in Computer Science and Engineering."
Database,"Professional Profile: Database Specialist.
Strong engineering background with proven expertise in agile methodologies and clean code design. Experienced software professional with demonstrated history of working in enterprise technology. Collaborated across cross-functional engineering teams to architect reliable cloud-native services. Skilled in full life cycle development, system optimization, code reviews, and performance tuning.
Core Competencies and Technical Skills: bigquery, python, snowflake, sql, airflow, etl.
Experience Summary: Working as a Data Warehouse Administrator building mission-critical services.
Key projects involved leveraging bigquery, python, snowflake to optimize workflow efficiency.
Education: Bachelor of Technology (B.Tech) in Computer Science and Engineering."
Database,"Professional Profile: Database Specialist.
Demonstrated ability to troubleshoot mission critical production incidents and deliver timely resolutions. Contributed to enterprise digital transformation projects adhering to strict industry security standards.
Core Competencies and Technical Skills: linux, python, data modeling, data engineering, sql, etl.
Experience Summary: Working as a Data Warehouse Administrator building mission-critical services.
Key projects involved leveraging linux, python, data modeling to optimize workflow efficiency.
Education: Bachelor of Technology (B.Tech) in Computer Science and Engineering."
Database,"Professional Profile: Database Specialist.
Successfully implemented automated workflows and modern development practices across multiple client projects. Strong engineering background with proven expertise in agile methodologies and clean code design. Passionate problem solver dedicated to delivering high quality scalable software solutions. Experienced software professional with demonstrated history of working in enterprise technology.
Core Competencies and Technical Skills: data modeling, sql, performance optimization, mysql, etl.
Experience Summary: Working as a PostgreSQL Database Administrator building mission-critical services.
Key projects involved leveraging data modeling, sql, performance optimization to optimize workflow efficiency.
Education: Bachelor of Technology (B.Tech) in Computer Science and Engineering."
Database,"Professional Profile: Database Specialist.
Passionate problem solver dedicated to delivering high quality scalable software solutions. Holds a Bachelor degree in Computer Science with a solid foundation in algorithms and system architecture. Successfully implemented automated workflows and modern development practices across multiple client projects.
Core Competencies and Technical Skills: linux, python, redis, database administration, cassandra, mongodb.
Experience Summary: Working as a NoSQL Database Engineer building mission-critical services.
Key projects involved leveraging linux, python, redis to optimize workflow efficiency.
Education: Bachelor of Technology (B.Tech) in Computer Science and Engineering."
Database,"Professional Profile: Database Specialist.
Successfully implemented automated workflows and modern development practices across multiple client projects. Contributed to enterprise digital transformation projects adhering to strict industry security standards.
Core Competencies and Technical Skills: oracle, data modeling, sql, database administration, performance optimization, bash.
Experience Summary: Working as a Oracle Database Administrator building mission-critical services.
Key projects involved leveraging oracle, data modeling, sql to optimize workflow efficiency.
Education: Bachelor of Technology (B.Tech) in Computer Science and Engineering."
Database,"Professional Profile: Database Specialist.
Holds a Bachelor degree in Computer Science with a solid foundation in algorithms and system architecture. Passionate problem solver dedicated to delivering high quality scalable software solutions. Experienced software professional with demonstrated history of working in enterprise technology.
Core Competencies and Technical Skills: linux, python, mongodb, docker, nosql.
Experience Summary: Working as a NoSQL Database Engineer building mission-critical services.
Key projects involved leveraging linux, python, mongodb to optimize workflow efficiency.
Education: Bachelor of Technology (B.Tech) in Computer Science and Engineering."
Database,"Professional Profile: Database Specialist.
Experienced software professional with demonstrated history of working in enterprise technology. Strong engineering background with proven expertise in agile methodologies and clean code design. Holds a Bachelor degree in Computer Science with a solid foundation in algorithms and system architecture. Contributed to enterprise digital transformation projects adhering to strict industry security standards.
Core Competencies and Technical Skills: bigquery, python, data engineering, sql, airflow, mongodb.
Experience Summary: Working as a Data Warehouse Administrator building mission-critical services.
Key projects involved leveraging bigquery, python, data engineering to optimize workflow efficiency.
Education: Bachelor of Technology (B.Tech) in Computer Science and Engineering."
Database,"Professional Profile: Database Specialist.
Demonstrated ability to troubleshoot mission critical production incidents and deliver timely resolutions. Holds a Bachelor degree in Computer Science with a solid foundation in algorithms and system architecture. Successfully implemented automated workflows and modern development practices across multiple client projects.
Core Competencies and Technical Skills: linux, python, oracle, sql, database administration, mongodb, performance optimization, bash.
Experience Summary: Working as a Oracle Database Administrator building mission-critical services.
Key projects involved leveraging linux, python, oracle to optimize workflow efficiency.
Education: Bachelor of Technology (B.Tech) in Computer Science and Engineering."
Database,"Professional Profile: Database Specialist.
Passionate problem solver dedicated to delivering high quality scalable software solutions. Holds a Bachelor degree in Computer Science with a solid foundation in algorithms and system architecture.
Core Competencies and Technical Skills: linux, python, data modeling, sql, database administration, bash.
Experience Summary: Working as a Oracle Database Administrator building mission-critical services.
Key projects involved leveraging linux, python, data modeling to optimize workflow efficiency.
Education: Bachelor of Technology (B.Tech) in Computer Science and Engineering."
Database,"Professional Profile: Database Specialist.
Successfully implemented automated workflows and modern development practices across multiple client projects. Contributed to enterprise digital transformation projects adhering to strict industry security standards. Strong engineering background with proven expertise in agile methodologies and clean code design. Holds a Bachelor degree in Computer Science with a solid foundation in algorithms and system architecture.
Core Competencies and Technical Skills: linux, data modeling, data engineering, sql, postgresql, performance optimization, mysql.
Experience Summary: Working as a PostgreSQL Database Administrator building mission-critical services.
Key projects involved leveraging linux, data modeling, data engineering to optimize workflow efficiency.
Education: Bachelor of Technology (B.Tech) in Computer Science and Engineering."
Database,"Professional Profile: Database Specialist.
Strong engineering background with proven expertise in agile methodologies and clean code design. Successfully implemented automated workflows and modern development practices across multiple client projects. Contributed to enterprise digital transformation projects adhering to strict industry security standards.
Core Competencies and Technical Skills: bigquery, python, data modeling, snowflake, sql, data engineering.
Experience Summary: Working as a Data Warehouse Administrator building mission-critical services.
Key projects involved leveraging bigquery, python, data modeling to optimize workflow efficiency.
Education: Bachelor of Technology (B.Tech) in Computer Science and Engineering."
Database,"Professional Profile: Database Specialist.
Strong engineering background with proven expertise in agile methodologies and clean code design. Passionate problem solver dedicated to delivering high quality scalable software solutions.
Core Competencies and Technical Skills: linux, bigquery, redis, database administration, mongodb, docker, nosql.
Experience Summary: Working as a NoSQL Database Engineer building mission-critical services.
Key projects involved leveraging linux, bigquery, redis to optimize workflow efficiency.
Education: Bachelor of Technology (B.Tech) in Computer Science and Engineering."
Database,"Professional Profile: Database Specialist.
Holds a Bachelor degree in Computer Science with a solid foundation in algorithms and system architecture. Demonstrated ability to troubleshoot mission critical production incidents and deliver timely resolutions.
Core Competencies and Technical Skills: linux, python, database administration, cassandra, docker.
Experience Summary: Working as a NoSQL Database Engineer building mission-critical services.
Key projects involved leveraging linux, python, database administration to optimize workflow efficiency.
Education: Bachelor of Technology (B.Tech) in Computer Science and Engineering."
Database,"Professional Profile: Database Specialist.
Demonstrated ability to troubleshoot mission critical production incidents and deliver timely resolutions. Collaborated across cross-functional engineering teams to architect reliable cloud-native services. Strong engineering background with proven expertise in agile methodologies and clean code design. Holds a Bachelor degree in Computer Science with a solid foundation in algorithms and system architecture.
Core Competencies and Technical Skills: data modeling, sql, database administration, performance optimization, mysql.
Experience Summary: Working as a PostgreSQL Database Administrator building mission-critical services.
Key projects involved leveraging data modeling, sql, database administration to optimize workflow efficiency.
Education: Bachelor of Technology (B.Tech) in Computer Science and Engineering."
Database,"Professional Profile: Database Specialist.
Successfully implemented automated workflows and modern development practices across multiple client projects. Skilled in full life cycle development, system optimization, code reviews, and performance tuning.
Core Competencies and Technical Skills: linux, data modeling, database administration, performance optimization, mysql.
Experience Summary: Working as a PostgreSQL Database Administrator building mission-critical services.
Key projects involved leveraging linux, data modeling, database administration to optimize workflow efficiency.
Education: Bachelor of Technology (B.Tech) in Computer Science and Engineering."
Database,"Professional Profile: Database Specialist.
Contributed to enterprise digital transformation projects adhering to strict industry security standards. Collaborated across cross-functional engineering teams to architect reliable cloud-native services. Detail-oriented developer with continuous learning attitude and strong communication and teamwork abilities. Experienced software professional with demonstrated history of working in enterprise technology.
Core Competencies and Technical Skills: linux, oracle, sql, performance optimization, mysql, etl.
Experience Summary: Working as a PostgreSQL Database Administrator building mission-critical services.
Key projects involved leveraging linux, oracle, sql to optimize workflow efficiency.
Education: Bachelor of Technology (B.Tech) in Computer Science and Engineering."
Database,"Professional Profile: Database Specialist.
Holds a Bachelor degree in Computer Science with a solid foundation in algorithms and system architecture. Successfully implemented automated workflows and modern development practices across multiple client projects. Strong engineering background with proven expertise in agile methodologies and clean code design.
Core Competencies and Technical Skills: python, redis, snowflake, database administration, cassandra, nosql.
Experience Summary: Working as a NoSQL Database Engineer building mission-critical services.
Key projects involved leveraging python, redis, snowflake to optimize workflow efficiency.
Education: Bachelor of Technology (B.Tech) in Computer Science and Engineering."
Database,"Professional Profile: Database Specialist.
Detail-oriented developer with continuous learning attitude and strong communication and teamwork abilities. Collaborated across cross-functional engineering teams to architect reliable cloud-native services. Holds a Bachelor degree in Computer Science with a solid foundation in algorithms and system architecture. Demonstrated ability to troubleshoot mission critical production incidents and deliver timely resolutions.
Core Competencies and Technical Skills: linux, python, database administration, postgresql, performance optimization, mysql.
Experience Summary: Working as a PostgreSQL Database Administrator building mission-critical services.
Key projects involved leveraging linux, python, database administration to optimize workflow efficiency.
Education: Bachelor of Technology (B.Tech) in Computer Science and Engineering."
Database,"Professional Profile: Database Specialist.
Demonstrated ability to troubleshoot mission critical production incidents and deliver timely resolutions. Experienced software professional with demonstrated history of working in enterprise technology.
Core Competencies and Technical Skills: sql, postgresql, performance optimization, mysql, etl.
Experience Summary: Working as a PostgreSQL Database Administrator building mission-critical services.
Key projects involved leveraging sql, postgresql, performance optimization to optimize workflow efficiency.
Education: Bachelor of Technology (B.Tech) in Computer Science and Engineering."
Database,"Professional Profile: Database Specialist.
Detail-oriented developer with continuous learning attitude and strong communication and teamwork abilities. Strong engineering background with proven expertise in agile methodologies and clean code design. Skilled in full life cycle development, system optimization, code reviews, and performance tuning. Passionate problem solver dedicated to delivering high quality scalable software solutions.
Core Competencies and Technical Skills: linux, oracle, data modeling, sql, database administration, performance optimization, bash.
Experience Summary: Working as a Oracle Database Administrator building mission-critical services.
Key projects involved leveraging linux, oracle, data modeling to optimize workflow efficiency.
Education: Bachelor of Technology (B.Tech) in Computer Science and Engineering."
Database,"Professional Profile: Database Specialist.
Contributed to enterprise digital transformation projects adhering to strict industry security standards. Successfully implemented automated workflows and modern development practices across multiple client projects. Demonstrated ability to troubleshoot mission critical production incidents and deliver timely resolutions.
Core Competencies and Technical Skills: python, sql, database administration, cassandra, performance optimization, bash.
Experience Summary: Working as a Oracle Database Administrator building mission-critical services.
Key projects involved leveraging python, sql, database administration to optimize workflow efficiency.
Education: Bachelor of Technology (B.Tech) in Computer Science and Engineering."
Database,"Professional Profile: Database Specialist.
Contributed to enterprise digital transformation projects adhering to strict industry security standards. Experienced software professional with demonstrated history of working in enterprise technology.
Core Competencies and Technical Skills: python, data modeling, data engineering, sql, airflow, etl.
Experience Summary: Working as a Data Warehouse Administrator building mission-critical services.
Key projects involved leveraging python, data modeling, data engineering to optimize workflow efficiency.
Education: Bachelor of Technology (B.Tech) in Computer Science and Engineering."
Database,"Professional Profile: Database Specialist.
Demonstrated ability to troubleshoot mission critical production incidents and deliver timely resolutions. Contributed to enterprise digital transformation projects adhering to strict industry security standards.
Core Competencies and Technical Skills: python, redis, database administration, cassandra, docker, nosql.
Experience Summary: Working as a NoSQL Database Engineer building mission-critical services.
Key projects involved leveraging python, redis, database administration to optimize workflow efficiency.
Education: Bachelor of Technology (B.Tech) in Computer Science and Engineering."
Database,"Professional Profile: Database Specialist.
Holds a Bachelor degree in Computer Science with a solid foundation in algorithms and system architecture. Experienced software professional with demonstrated history of working in enterprise technology.
Core Competencies and Technical Skills: bigquery, python, redis, data modeling, data engineering, airflow, etl.
Experience Summary: Working as a Data Warehouse Administrator building mission-critical services.
Key projects involved leveraging bigquery, python, redis to optimize workflow efficiency.
Education: Bachelor of Technology (B.Tech) in Computer Science and Engineering."
Database,"Professional Profile: Database Specialist.
Detail-oriented developer with continuous learning attitude and strong communication and teamwork abilities. Collaborated across cross-functional engineering teams to architect reliable cloud-native services. Contributed to enterprise digital transformation projects adhering to strict industry security standards.
Core Competencies and Technical Skills: linux, oracle, sql, performance optimization, bash.
Experience Summary: Working as a Oracle Database Administrator building mission-critical services.
Key projects involved leveraging linux, oracle, sql to optimize workflow efficiency.
Education: Bachelor of Technology (B.Tech) in Computer Science and Engineering."
Database,"Professional Profile: Database Specialist.
Passionate problem solver dedicated to delivering high quality scalable software solutions. Experienced software professional with demonstrated history of working in enterprise technology.
Core Competencies and Technical Skills: bigquery, python, data engineering, snowflake, etl.
Experience Summary: Working as a Data Warehouse Administrator building mission-critical services.
Key projects involved leveraging bigquery, python, data engineering to optimize workflow efficiency.
Education: Bachelor of Technology (B.Tech) in Computer Science and Engineering."
Database,"Professional Profile: Database Specialist.
Successfully implemented automated workflows and modern development practices across multiple client projects. Detail-oriented developer with continuous learning attitude and strong communication and teamwork abilities. Collaborated across cross-functional engineering teams to architect reliable cloud-native services. Contributed to enterprise digital transformation projects adhering to strict industry security standards.
Core Competencies and Technical Skills: bigquery, python, data modeling, data engineering, snowflake, airflow.
Experience Summary: Working as a Data Warehouse Administrator building mission-critical services.
Key projects involved leveraging bigquery, python, data modeling to optimize workflow efficiency.
Education: Bachelor of Technology (B.Tech) in Computer Science and Engineering."
Database,"Professional Profile: Database Specialist.
Collaborated across cross-functional engineering teams to architect reliable cloud-native services. Detail-oriented developer with continuous learning attitude and strong communication and teamwork abilities. Successfully implemented automated workflows and modern development practices across multiple client projects. Contributed to enterprise digital transformation projects adhering to strict industry security standards.
Core Competencies and Technical Skills: linux, redis, database administration, cassandra, mongodb.
Experience Summary: Working as a NoSQL Database Engineer building mission-critical services.
Key projects involved leveraging linux, redis, database administration to optimize workflow efficiency.
Education: Bachelor of Technology (B.Tech) in Computer Science and Engineering."
Database,"Professional Profile: Database Specialist.
Holds a Bachelor degree in Computer Science with a solid foundation in algorithms and system architecture. Contributed to enterprise digital transformation projects adhering to strict industry security standards.
Core Competencies and Technical Skills: sql, bigquery, etl, snowflake.
Experience Summary: Working as a Data Warehouse Administrator building mission-critical services.
Key projects involved leveraging sql, bigquery, etl to optimize workflow efficiency.
Education: Bachelor of Technology (B.Tech) in Computer Science and Engineering."
Database,"Professional Profile: Database Specialist.
Contributed to enterprise digital transformation projects adhering to strict industry security standards. Passionate problem solver dedicated to delivering high quality scalable software solutions. Holds a Bachelor degree in Computer Science with a solid foundation in algorithms and system architecture.
Core Competencies and Technical Skills: linux, python, redis, cassandra, mongodb.
Experience Summary: Working as a NoSQL Database Engineer building mission-critical services.
Key projects involved leveraging linux, python, redis to optimize workflow efficiency.
Education: Bachelor of Technology (B.Tech) in Computer Science and Engineering."
Testing,"Professional Profile: Testing Specialist.
Collaborated across cross-functional engineering teams to architect reliable cloud-native services. Skilled in full life cycle development, system optimization, code reviews, and performance tuning.
Core Competencies and Technical Skills: ci/cd, java, selenium, agile, junit, postman.
Experience Summary: Working as a Java SDET building mission-critical services.
Key projects involved leveraging ci/cd, java, selenium to optimize workflow efficiency.
Education: Bachelor of Technology (B.Tech) in Computer Science and Engineering."
Testing,"Professional Profile: Testing Specialist.
Successfully implemented automated workflows and modern development practices across multiple client projects. Contributed to enterprise digital transformation projects adhering to strict industry security standards. Strong engineering background with proven expertise in agile methodologies and clean code design. Collaborated across cross-functional engineering teams to architect reliable cloud-native services.
Core Competencies and Technical Skills: python, agile, sql, teamwork, qa, communication.
Experience Summary: Working as a Manual & Functional QA Tester building mission-critical services.
Key projects involved leveraging python, agile, sql to optimize workflow efficiency.
Education: Bachelor of Technology (B.Tech) in Computer Science and Engineering."
Testing,"Professional Profile: Testing Specialist.
Contributed to enterprise digital transformation projects adhering to strict industry security standards. Experienced software professional with demonstrated history of working in enterprise technology. Holds a Bachelor degree in Computer Science with a solid foundation in algorithms and system architecture.
Core Competencies and Technical Skills: cypress, automated testing, javascript, manual testing, postman, qa.
Experience Summary: Working as a Full Stack QA Engineer building mission-critical services.
Key projects involved leveraging cypress, automated testing, javascript to optimize workflow efficiency.
Education: Bachelor of Technology (B.Tech) in Computer Science and Engineering."
Testing,"Professional Profile: Testing Specialist.
Strong engineering background with proven expertise in agile methodologies and clean code design. Passionate problem solver dedicated to delivering high quality scalable software solutions. Experienced software professional with demonstrated history of working in enterprise technology.
Core Competencies and Technical Skills: ci/cd, automated testing, jira, selenium, git, junit, postman.
Experience Summary: Working as a Java SDET building mission-critical services.
Key projects involved leveraging ci/cd, automated testing, jira to optimize workflow efficiency.
Education: Bachelor of Technology (B.Tech) in Computer Science and Engineering."
Testing,"Professional Profile: Testing Specialist.
Contributed to enterprise digital transformation projects adhering to strict industry security standards. Detail-oriented developer with continuous learning attitude and strong communication and teamwork abilities. Passionate problem solver dedicated to delivering high quality scalable software solutions.
Core Competencies and Technical Skills: jira, agile, manual testing, postman, qa, communication.
Experience Summary: Working as a Manual & Functional QA Tester building mission-critical services.
Key projects involved leveraging jira, agile, manual testing to optimize workflow efficiency.
Education: Bachelor of Technology (B.Tech) in Computer Science and Engineering."
Testing,"Professional Profile: Testing Specialist.
Passionate problem solver dedicated to delivering high quality scalable software solutions. Collaborated across cross-functional engineering teams to architect reliable cloud-native services. Skilled in full life cycle development, system optimization, code reviews, and performance tuning.
Core Competencies and Technical Skills: automated testing, jira, javascript, git, manual testing, qa.
Experience Summary: Working as a Full Stack QA Engineer building mission-critical services.
Key projects involved leveraging automated testing, jira, javascript to optimize workflow efficiency.
Education: Bachelor of Technology (B.Tech) in Computer Science and Engineering."
Testing,"Professional Profile: Testing Specialist.
Collaborated across cross-functional engineering teams to architect reliable cloud-native services. Holds a Bachelor degree in Computer Science with a solid foundation in algorithms and system architecture.
Core Competencies and Technical Skills: ci/cd, automated testing, pytest, jira, java, selenium, junit.
Experience Summary: Working as a Java SDET building mission-critical services.
Key projects involved leveraging ci/cd, automated testing, pytest to optimize workflow efficiency.
Education: Bachelor of Technology (B.Tech) in Computer Science and Engineering."
Testing,"Professional Profile: Testing Specialist.
Skilled in full life cycle development, system optimization, code reviews, and performance tuning. Demonstrated ability to troubleshoot mission critical production incidents and deliver timely resolutions. Strong engineering background with proven expertise in agile methodologies and clean code design. Detail-oriented developer with continuous learning attitude and strong communication and teamwork abilities.
Core Competencies and Technical Skills: python, jira, selenium, git, sql, manual testing, postman.
Experience Summary: Working as a QA Automation Engineer building mission-critical services.
Key projects involved leveraging python, jira, selenium to optimize workflow efficiency.
Education: Bachelor of Technology (B.Tech) in Computer Science and Engineering."
Testing,"Professional Profile: Testing Specialist.
Strong engineering background with proven expertise in agile methodologies and clean code design. Contributed to enterprise digital transformation projects adhering to strict industry security standards. Collaborated across cross-functional engineering teams to architect reliable cloud-native services. Passionate problem solver dedicated to delivering high quality scalable software solutions.
Core Competencies and Technical Skills: automated testing, pytest, python, selenium, git, manual testing, postman.
Experience Summary: Working as a QA Automation Engineer building mission-critical services.
Key projects involved leveraging automated testing, pytest, python to optimize workflow efficiency.
Education: Bachelor of Technology (B.Tech) in Computer Science and Engineering."
Testing,"Professional Profile: Testing Specialist.
Successfully implemented automated workflows and modern development practices across multiple client projects. Contributed to enterprise digital transformation projects adhering to strict industry security standards. Detail-oriented developer with continuous learning attitude and strong communication and teamwork abilities. Experienced software professional with demonstrated history of working in enterprise technology.
Core Competencies and Technical Skills: selenium, agile, sql, postman, teamwork, manual testing, communication.
Experience Summary: Working as a Manual & Functional QA Tester building mission-critical services.
Key projects involved leveraging selenium, agile, sql to optimize workflow efficiency.
Education: Bachelor of Technology (B.Tech) in Computer Science and Engineering."
Testing,"Professional Profile: Testing Specialist.
Experienced software professional with demonstrated history of working in enterprise technology. Passionate problem solver dedicated to delivering high quality scalable software solutions. Detail-oriented developer with continuous learning attitude and strong communication and teamwork abilities. Holds a Bachelor degree in Computer Science with a solid foundation in algorithms and system architecture.
Core Competencies and Technical Skills: cypress, jira, javascript, agile, manual testing, postman, qa.
Experience Summary: Working as a Full Stack QA Engineer building mission-critical services.
Key projects involved leveraging cypress, jira, javascript to optimize workflow efficiency.
Education: Bachelor of Technology (B.Tech) in Computer Science and Engineering."
Testing,"Professional Profile: Testing Specialist.
Skilled in full life cycle development, system optimization, code reviews, and performance tuning. Holds a Bachelor degree in Computer Science with a solid foundation in algorithms and system architecture. Contributed to enterprise digital transformation projects adhering to strict industry security standards.
Core Competencies and Technical Skills: automated testing, jira, javascript, git, manual testing, postman, qa.
Experience Summary: Working as a Full Stack QA Engineer building mission-critical services.
Key projects involved leveraging automated testing, jira, javascript to optimize workflow efficiency.
Education: Bachelor of Technology (B.Tech) in Computer Science and Engineering."
Testing,"Professional Profile: Testing Specialist.
Detail-oriented developer with continuous learning attitude and strong communication and teamwork abilities. Experienced software professional with demonstrated history of working in enterprise technology. Passionate problem solver dedicated to delivering high quality scalable software solutions. Successfully implemented automated workflows and modern development practices across multiple client projects.
Core Competencies and Technical Skills: automated testing, pytest, selenium, manual testing, postman.
Experience Summary: Working as a QA Automation Engineer building mission-critical services.
Key projects involved leveraging automated testing, pytest, selenium to optimize workflow efficiency.
Education: Bachelor of Technology (B.Tech) in Computer Science and Engineering."
Testing,"Professional Profile: Testing Specialist.
Skilled in full life cycle development, system optimization, code reviews, and performance tuning. Passionate problem solver dedicated to delivering high quality scalable software solutions.
Core Competencies and Technical Skills: git, agile, sql, manual testing, qa, communication.
Experience Summary: Working as a Manual & Functional QA Tester building mission-critical services.
Key projects involved leveraging git, agile, sql to optimize workflow efficiency.
Education: Bachelor of Technology (B.Tech) in Computer Science and Engineering."
Testing,"Professional Profile: Testing Specialist.
Passionate problem solver dedicated to delivering high quality scalable software solutions. Contributed to enterprise digital transformation projects adhering to strict industry security standards. Experienced software professional with demonstrated history of working in enterprise technology.
Core Competencies and Technical Skills: pytest, python, java, selenium, git, manual testing, postman.
Experience Summary: Working as a QA Automation Engineer building mission-critical services.
Key projects involved leveraging pytest, python, java to optimize workflow efficiency.
Education: Bachelor of Technology (B.Tech) in Computer Science and Engineering."
Testing,"Professional Profile: Testing Specialist.
Holds a Bachelor degree in Computer Science with a solid foundation in algorithms and system architecture. Passionate problem solver dedicated to delivering high quality scalable software solutions. Successfully implemented automated workflows and modern development practices across multiple client projects. Contributed to enterprise digital transformation projects adhering to strict industry security standards.
Core Competencies and Technical Skills: agile, sql, postman, qa, communication.
Experience Summary: Working as a Manual & Functional QA Tester building mission-critical services.
Key projects involved leveraging agile, sql, postman to optimize workflow efficiency.
Education: Bachelor of Technology (B.Tech) in Computer Science and Engineering."
Testing,"Professional Profile: Testing Specialist.
Skilled in full life cycle development, system optimization, code reviews, and performance tuning. Strong engineering background with proven expertise in agile methodologies and clean code design. Successfully implemented automated workflows and modern development practices across multiple client projects.
Core Competencies and Technical Skills: cypress, automated testing, manual testing, postman, qa.
Experience Summary: Working as a Full Stack QA Engineer building mission-critical services.
Key projects involved leveraging cypress, automated testing, manual testing to optimize workflow efficiency.
Education: Bachelor of Technology (B.Tech) in Computer Science and Engineering."
Testing,"Professional Profile: Testing Specialist.
Holds a Bachelor degree in Computer Science with a solid foundation in algorithms and system architecture. Collaborated across cross-functional engineering teams to architect reliable cloud-native services. Strong engineering background with proven expertise in agile methodologies and clean code design.
Core Competencies and Technical Skills: jira, sql, manual testing, postman, teamwork, qa.
Experience Summary: Working as a Manual & Functional QA Tester building mission-critical services.
Key projects involved leveraging jira, sql, manual testing to optimize workflow efficiency.
Education: Bachelor of Technology (B.Tech) in Computer Science and Engineering."
Testing,"Professional Profile: Testing Specialist.
Successfully implemented automated workflows and modern development practices across multiple client projects. Holds a Bachelor degree in Computer Science with a solid foundation in algorithms and system architecture. Strong engineering background with proven expertise in agile methodologies and clean code design.
Core Competencies and Technical Skills: automated testing, pytest, python, selenium, git, junit, manual testing, postman.
Experience Summary: Working as a QA Automation Engineer building mission-critical services.
Key projects involved leveraging automated testing, pytest, python to optimize workflow efficiency.
Education: Bachelor of Technology (B.Tech) in Computer Science and Engineering."
Testing,"Professional Profile: Testing Specialist.
Skilled in full life cycle development, system optimization, code reviews, and performance tuning. Collaborated across cross-functional engineering teams to architect reliable cloud-native services. Demonstrated ability to troubleshoot mission critical production incidents and deliver timely resolutions. Holds a Bachelor degree in Computer Science with a solid foundation in algorithms and system architecture.
Core Competencies and Technical Skills: ci/cd, jira, selenium, junit, postman.
Experience Summary: Working as a Java SDET building mission-critical services.
Key projects involved leveraging ci/cd, jira, selenium to optimize workflow efficiency.
Education: Bachelor of Technology (B.Tech) in Computer Science and Engineering."
Testing,"Professional Profile: Testing Specialist.
Contributed to enterprise digital transformation projects adhering to strict industry security standards. Passionate problem solver dedicated to delivering high quality scalable software solutions. Experienced software professional with demonstrated history of working in enterprise technology.
Core Competencies and Technical Skills: automated testing, java, selenium, git, postman.
Experience Summary: Working as a Java SDET building mission-critical services.
Key projects involved leveraging automated testing, java, selenium to optimize workflow efficiency.
Education: Bachelor of Technology (B.Tech) in Computer Science and Engineering."
Testing,"Professional Profile: Testing Specialist.
Contributed to enterprise digital transformation projects adhering to strict industry security standards. Passionate problem solver dedicated to delivering high quality scalable software solutions.
Core Competencies and Technical Skills: cypress, agile, sql, postman, teamwork, qa, manual testing, communication.
Experience Summary: Working as a Manual & Functional QA Tester building mission-critical services.
Key projects involved leveraging cypress, agile, sql to optimize workflow efficiency.
Education: Bachelor of Technology (B.Tech) in Computer Science and Engineering."
Testing,"Professional Profile: Testing Specialist.
Successfully implemented automated workflows and modern development practices across multiple client projects. Contributed to enterprise digital transformation projects adhering to strict industry security standards. Passionate problem solver dedicated to delivering high quality scalable software solutions.
Core Competencies and Technical Skills: ci/cd, automated testing, java, git, teamwork.
Experience Summary: Working as a Java SDET building mission-critical services.
Key projects involved leveraging ci/cd, automated testing, java to optimize workflow efficiency.
Education: Bachelor of Technology (B.Tech) in Computer Science and Engineering."
Testing,"Professional Profile: Testing Specialist.
Holds a Bachelor degree in Computer Science with a solid foundation in algorithms and system architecture. Successfully implemented automated workflows and modern development practices across multiple client projects. Passionate problem solver dedicated to delivering high quality scalable software solutions. Strong engineering background with proven expertise in agile methodologies and clean code design.
Core Competencies and Technical Skills: pytest, jira, python, selenium, git, postman, manual testing.
Experience Summary: Working as a QA Automation Engineer building mission-critical services.
Key projects involved leveraging pytest, jira, python to optimize workflow efficiency.
Education: Bachelor of Technology (B.Tech) in Computer Science and Engineering."
Testing,"Professional Profile: Testing Specialist.
Strong engineering background with proven expertise in agile methodologies and clean code design. Passionate problem solver dedicated to delivering high quality scalable software solutions. Experienced software professional with demonstrated history of working in enterprise technology.
Core Competencies and Technical Skills: ci/cd, automated testing, java, selenium, git, postman.
Experience Summary: Working as a Java SDET building mission-critical services.
Key projects involved leveraging ci/cd, automated testing, java to optimize workflow efficiency.
Education: Bachelor of Technology (B.Tech) in Computer Science and Engineering."
Testing,"Professional Profile: Testing Specialist.
Skilled in full life cycle development, system optimization, code reviews, and performance tuning. Passionate problem solver dedicated to delivering high quality scalable software solutions. Experienced software professional with demonstrated history of working in enterprise technology. Strong engineering background with proven expertise in agile methodologies and clean code design.
Core Competencies and Technical Skills: ci/cd, automated testing, java, selenium, junit, postman.
Experience Summary: Working as a Java SDET building mission-critical services.
Key projects involved leveraging ci/cd, automated testing, java to optimize workflow efficiency.
Education: Bachelor of Technology (B.Tech) in Computer Science and Engineering."
Testing,"Professional Profile: Testing Specialist.
Detail-oriented developer with continuous learning attitude and strong communication and teamwork abilities. Strong engineering background with proven expertise in agile methodologies and clean code design.
Core Competencies and Technical Skills: jira, sql, manual testing, teamwork, qa, communication.
Experience Summary: Working as a Manual & Functional QA Tester building mission-critical services.
Key projects involved leveraging jira, sql, manual testing to optimize workflow efficiency.
Education: Bachelor of Technology (B.Tech) in Computer Science and Engineering."
Testing,"Professional Profile: Testing Specialist.
Experienced software professional with demonstrated history of working in enterprise technology. Contributed to enterprise digital transformation projects adhering to strict industry security standards. Demonstrated ability to troubleshoot mission critical production incidents and deliver timely resolutions. Passionate problem solver dedicated to delivering high quality scalable software solutions.
Core Competencies and Technical Skills: sql, manual testing, postman, teamwork, communication.
Experience Summary: Working as a Manual & Functional QA Tester building mission-critical services.
Key projects involved leveraging sql, manual testing, postman to optimize workflow efficiency.
Education: Bachelor of Technology (B.Tech) in Computer Science and Engineering."
Testing,"Professional Profile: Testing Specialist.
Successfully implemented automated workflows and modern development practices across multiple client projects. Collaborated across cross-functional engineering teams to architect reliable cloud-native services. Holds a Bachelor degree in Computer Science with a solid foundation in algorithms and system architecture. Passionate problem solver dedicated to delivering high quality scalable software solutions.
Core Competencies and Technical Skills: automated testing, cypress, jira, postman, qa.
Experience Summary: Working as a Full Stack QA Engineer building mission-critical services.
Key projects involved leveraging automated testing, cypress, jira to optimize workflow efficiency.
Education: Bachelor of Technology (B.Tech) in Computer Science and Engineering."
Testing,"Professional Profile: Testing Specialist.
Experienced software professional with demonstrated history of working in enterprise technology. Strong engineering background with proven expertise in agile methodologies and clean code design. Collaborated across cross-functional engineering teams to architect reliable cloud-native services. Successfully implemented automated workflows and modern development practices across multiple client projects.
Core Competencies and Technical Skills: pytest, jira, selenium, git, manual testing.
Experience Summary: Working as a QA Automation Engineer building mission-critical services.
Key projects involved leveraging pytest, jira, selenium to optimize workflow efficiency.
Education: Bachelor of Technology (B.Tech) in Computer Science and Engineering."
Testing,"Professional Profile: Testing Specialist.
Detail-oriented developer with continuous learning attitude and strong communication and teamwork abilities. Experienced software professional with demonstrated history of working in enterprise technology. Holds a Bachelor degree in Computer Science with a solid foundation in algorithms and system architecture. Passionate problem solver dedicated to delivering high quality scalable software solutions.
Core Competencies and Technical Skills: automated testing, cypress, javascript, git, postman, qa.
Experience Summary: Working as a Full Stack QA Engineer building mission-critical services.
Key projects involved leveraging automated testing, cypress, javascript to optimize workflow efficiency.
Education: Bachelor of Technology (B.Tech) in Computer Science and Engineering."
Testing,"Professional Profile: Testing Specialist.
Collaborated across cross-functional engineering teams to architect reliable cloud-native services. Demonstrated ability to troubleshoot mission critical production incidents and deliver timely resolutions. Contributed to enterprise digital transformation projects adhering to strict industry security standards.
Core Competencies and Technical Skills: cypress, jira, manual testing, postman, qa.
Experience Summary: Working as a Full Stack QA Engineer building mission-critical services.
Key projects involved leveraging cypress, jira, manual testing to optimize workflow efficiency.
Education: Bachelor of Technology (B.Tech) in Computer Science and Engineering."
Testing,"Professional Profile: Testing Specialist.
Experienced software professional with demonstrated history of working in enterprise technology. Successfully implemented automated workflows and modern development practices across multiple client projects. Skilled in full life cycle development, system optimization, code reviews, and performance tuning.
Core Competencies and Technical Skills: ci/cd, automated testing, cypress, javascript, git, manual testing.
Experience Summary: Working as a Full Stack QA Engineer building mission-critical services.
Key projects involved leveraging ci/cd, automated testing, cypress to optimize workflow efficiency.
Education: Bachelor of Technology (B.Tech) in Computer Science and Engineering."
Testing,"Professional Profile: Testing Specialist.
Collaborated across cross-functional engineering teams to architect reliable cloud-native services. Demonstrated ability to troubleshoot mission critical production incidents and deliver timely resolutions.
Core Competencies and Technical Skills: automated testing, cypress, python, selenium, git, postman.
Experience Summary: Working as a QA Automation Engineer building mission-critical services.
Key projects involved leveraging automated testing, cypress, python to optimize workflow efficiency.
Education: Bachelor of Technology (B.Tech) in Computer Science and Engineering."
Testing,"Professional Profile: Testing Specialist.
Contributed to enterprise digital transformation projects adhering to strict industry security standards. Experienced software professional with demonstrated history of working in enterprise technology.
Core Competencies and Technical Skills: agile, sql, junit, manual testing, teamwork, communication.
Experience Summary: Working as a Manual & Functional QA Tester building mission-critical services.
Key projects involved leveraging agile, sql, junit to optimize workflow efficiency.
Education: Bachelor of Technology (B.Tech) in Computer Science and Engineering."
Testing,"Professional Profile: Testing Specialist.
Holds a Bachelor degree in Computer Science with a solid foundation in algorithms and system architecture. Contributed to enterprise digital transformation projects adhering to strict industry security standards. Detail-oriented developer with continuous learning attitude and strong communication and teamwork abilities. Strong engineering background with proven expertise in agile methodologies and clean code design.
Core Competencies and Technical Skills: pytest, python, jira, junit, manual testing, postman.
Experience Summary: Working as a QA Automation Engineer building mission-critical services.
Key projects involved leveraging pytest, python, jira to optimize workflow efficiency.
Education: Bachelor of Technology (B.Tech) in Computer Science and Engineering."
Testing,"Professional Profile: Testing Specialist.
Detail-oriented developer with continuous learning attitude and strong communication and teamwork abilities. Holds a Bachelor degree in Computer Science with a solid foundation in algorithms and system architecture. Successfully implemented automated workflows and modern development practices across multiple client projects.
Core Competencies and Technical Skills: automated testing, python, selenium, git, manual testing.
Experience Summary: Working as a QA Automation Engineer building mission-critical services.
Key projects involved leveraging automated testing, python, selenium to optimize workflow efficiency.
Education: Bachelor of Technology (B.Tech) in Computer Science and Engineering."
Testing,"Professional Profile: Testing Specialist.
Strong engineering background with proven expertise in agile methodologies and clean code design. Skilled in full life cycle development, system optimization, code reviews, and performance tuning.
Core Competencies and Technical Skills: automated testing, pytest, jira, selenium, git, junit.
Experience Summary: Working as a Java SDET building mission-critical services.
Key projects involved leveraging automated testing, pytest, jira to optimize workflow efficiency.
Education: Bachelor of Technology (B.Tech) in Computer Science and Engineering."
Testing,"Professional Profile: Testing Specialist.
Successfully implemented automated workflows and modern development practices across multiple client projects. Demonstrated ability to troubleshoot mission critical production incidents and deliver timely resolutions. Experienced software professional with demonstrated history of working in enterprise technology.
Core Competencies and Technical Skills: automated testing, cypress, jira, javascript, git, qa.
Experience Summary: Working as a Full Stack QA Engineer building mission-critical services.
Key projects involved leveraging automated testing, cypress, jira to optimize workflow efficiency.
Education: Bachelor of Technology (B.Tech) in Computer Science and Engineering."
Testing,"Professional Profile: Testing Specialist.
Passionate problem solver dedicated to delivering high quality scalable software solutions. Detail-oriented developer with continuous learning attitude and strong communication and teamwork abilities.
Core Competencies and Technical Skills: cypress, automated testing, jira, git, manual testing, postman, communication.
Experience Summary: Working as a Full Stack QA Engineer building mission-critical services.
Key projects involved leveraging cypress, automated testing, jira to optimize workflow efficiency.
Education: Bachelor of Technology (B.Tech) in Computer Science and Engineering."
